index,name,loc,locc,locc,x,y
0,개포1호,서울,강남구,서울 강남구 개포동 1229-18,37.4762624,127.0469149
1,논현1호,서울,강남구,서울 강남구 논현동 184-21,37.5061076,127.0255293
2,대치1호,서울,강남구,서울 강남구 대치4동 913-25,37.5016096,127.0584344
3,대치2호,서울,강남구,서울 강남구 대치동 990번지 삼성상가 113호 1/2,37.4992038,127.0630994
4,삼성1호,서울,강남구,서울 강남구 삼성동 44-18,37.5120431,127.0490227
5,세곡,서울,강남구,서울 강남구 자곡동 611,37.4741298,127.0940866
6,압구정신사,서울,강남구,서울 강남구 신사동 640-5 대성빌딩 1층 1호,37.5275496,127.0362962
7,역삼1호,서울,강남구,서울 강남구 역삼동 837-15,37.4919068,127.0321712
8,일원본동,서울,강남구,서울 강남구 수서동 747 삼성아파트 상가 104호,37.4848962,127.0906776
9,청담역,서울,강남구,서울 강남구 청담동 65 진흥아파트상가,37.5201252,127.0514064
10,강일,서울,강동구,서울 강동구 강일동 679-3 리슈빌오피스텔,37.5643885,127.1736826
11,고덕1호,서울,강동구,서울 강동구 고덕동 650-1,37.5598079,127.1516581
12,길1호,서울,강동구,서울 강동구 길동 347-31,37.5411123,127.1425668
13,둔촌1호,서울,강동구,서울 강동구 둔촌동 454-5,37.531208,127.1420087
14,명일1호,서울,강동구,서울 강동구 명일동 328-2,37.5496699,127.1469283
15,성내,서울,강동구,서울 강동구 성내2동 509-7 1층,37.531352,127.1279591
16,암사1호,서울,강동구,서울 강동구 천호동 287-22,37.5478528,127.1275048
17,암사2호,서울,강동구,서울 강동구 암사동 446-18,37.5549876,127.13474
18,천호1호,서울,강동구,서울 강동구 천호동 550번지,37.5403683,127.1287952
19,덕성여대,서울,강북구,서울 강북구 우이동 72-148,37.6498226,127.0133013
20,미아1호,서울,강북구,서울 강북구 미아5동 1264-233,37.615278,127.0223673
21,미아역,서울,강북구,서울 강북구 미아동 131-8,37.6215401,127.0283984
22,수유1호,서울,강북구,서울 강북구 수유동 385-2,37.6409986,127.0173981
23,수유역점,서울,강북구,서울 강북구 번동 461-127,37.6388945,127.0287879
24,가양,서울,강서구,서울 강서구 등촌동 75-1,37.5612529,126.853997
25,강서구청,서울,강서구,서울 강서구 화곡6동 987-7,37.5503387,126.848044
26,까치산역,서울,강서구,서울 강서구 화곡동 343-62 라인씨티 1층,37.5307753,126.8467758
27,등촌,서울,강서구,서울 강서구 등촌동 649-14,37.5522111,126.863306
29,발산역,서울,강서구,서울 강서구 내발산동 655-6번지 1층 13호,37.5565044,126.8372612
30,방화2호,서울,강서구,서울 강서구 방화2동 580-27,37.5705629,126.8123262
31,염창,서울,강서구,서울 강서구 염창동 250-16,37.5503162,126.8734651
32,화곡2호,서울,강서구,서울 강서구 화곡동 400-45,37.5382621,126.8409616
33,봉천2호,서울,관악구,서울 관악구 봉천동 1674-20,37.4792834,126.9587073
34,봉천3호,서울,관악구,서울 관악구 봉천동 1632-9,37.4759504,126.9640861
35,봉천4호,서울,관악구,서울 관악구 봉천동 931-12,37.483279,126.941222
36,봉천5호,서울,관악구,서울 관악구 봉천3동 7-291,37.4885019,126.95827
37,신림1호,서울,관악구,서울 관악구 신림4동 504-22,37.4848626,126.9164235
38,신림2호,서울,관악구,서울 관악구 신림동 762-7,37.4772108,126.9125848
39,신림3호,서울,관악구,서울 관악구 신림9동 246-49,37.4686061,126.9378208
40,건대,서울,광진구,서울 광진구 화양동 9-18,37.5417016,127.0694024
41,구의1호,서울,광진구,서울 광진구 구의3동 659번지 세림리오빌 비1-4호,37.5393041,127.0919908
42,구의2호,서울,광진구,서울 광진구 구의동 229-43,37.5445952,127.0900156
43,자양1호,서울,광진구,서울 광진구 자양3동 584-28,37.5310473,127.0748036
44,자양2호,서울,광진구,서울 광진구 자양동 624-42,37.5346533,127.0820463
45,중곡1호,서울,광진구,서울 광진구 중곡동 41-37,37.5610981,127.0819283
46,중곡2호,서울,광진구,서울 광진구 중곡동 109-28,37.5550322,127.0928754
47,개봉1호,서울,구로구,서울 구로구 개봉동 403-159,37.4884226,126.8564726
48,고척1호,서울,구로구,서울 구로구 개봉1동 126-4,37.502431,126.8483701
49,구로2호,서울,구로구,서울 구로구 구로동 74-30,37.4961624,126.8930475
50,구로디지털,서울,구로구,서울 구로구 구로동 826-1,37.4825801,126.8980096
51,동양미래대학,서울,구로구,서울 구로구 고척동 343,37.5029452,126.8631472
52,신도림1호,서울,구로구,서울 구로구 신도림동 410-1 신도림6차대림@상가 902동111호,37.5055443,126.8829897
53,오류1호,서울,구로구,서울 구로구 오류1동 10-3,37.4954959,126.8420974
54,천왕역,서울,구로구,서울 구로구 오류동 203-1 1층,37.4894905,126.8375972
55,가산디지털,서울,금천구,서울 금천구 가산동 371-6 가산비지니스센터 2층,37.4801829,126.8810603
56,독산1호,서울,금천구,"서울 금천구 독산동 888-20 102호,103호",37.476491,126.9045303
57,시흥1호,서울,금천구,서울 금천구 시흥2동 264-17,37.4502029,126.9134715
58,시흥2호,서울,금천구,서울 금천구 시흥1동 905-5,37.450049,126.9038518
59,공릉1호,서울,노원구,서울 노원구 공릉동 338-6,37.6229699,127.0791627
60,공릉2호,서울,노원구,서울 노원구 공릉동 461-1,37.6302346,127.0757648
61,상계4단지,서울,노원구,서울 노원구 상계7동 749-5 상계주공@4단지상가101호,37.6500655,127.0622173
62,상계보람,서울,노원구,서울 노원구 상계5동 456-130,37.6650893,127.066493
63,석계역,서울,노원구,서울 노원구 월계1동 73-13,37.6175368,127.0638691
64,수락산역,서울,노원구,서울 노원구 상계동 1118,37.6759882,127.0550022
65,중계1호,서울,노원구,서울 노원구 중계1동 360-9,37.6495889,127.076394
66,중계2호,서울,노원구,서울 노원구 중계동 137-39 정진빌라 1층,37.6620335,127.0754949
67,중계역,서울,노원구,서울 노원구 중계2동 503,37.6420263,127.0641084
68,하계1호,서울,노원구,서울 노원구 하계1동 251 청구상가 201동 101호,37.6393888,127.0715553
69,도봉동,서울,도봉구,서울 도봉구 도봉2동 623-163,37.6717087,127.046317
70,쌍문1호,서울,도봉구,서울 도봉구 방학1동 263-75,37.6612609,127.0350681
71,쌍문역,서울,도봉구,서울 도봉구 쌍문3동 88-127,37.6507157,127.0356181
72,창3동,서울,도봉구,서울 도봉구 창동 568-2,37.6407443,127.0403907
73,창동,서울,도봉구,서울 도봉구 창5동 296-37,37.6542013,127.041089
74,답십리1호,서울,동대문구,서울 동대문구 답십리동 257-3,37.5708011,127.0570042
75,서울시립대,서울,동대문구,서울 동대문구 전농1동 141-141,37.5812362,127.0549801
76,신이문,서울,동대문구,서울 동대문구 이문3동 237-114,37.6031485,127.0654775
77,안암,서울,동대문구,서울 동대문구 제기동 142-8,37.5861115,127.0328064
78,장안1호,서울,동대문구,서울 동대문구 전농3동 1-171,37.5812916,127.068156
79,장안2호,서울,동대문구,서울 동대문구 장안동 338-6 1층,37.569583,127.0731411
80,청량리역,서울,동대문구,서울 동대문구 청량리동 50-3,37.5837416,127.0494006
81,대방1호,서울,동작구,서울 동작구 대방동 20-25 한스빌 105호,37.5102667,126.9318643
82,사당1호,서울,동작구,서울 동작구 사당3동 155-2 1F,37.4841568,126.9774651
83,사당3호,서울,동작구,서울 동작구 사당동 220-119,37.4858378,126.9694405
84,상도터널,서울,동작구,서울 동작구 상도1동 587,37.5049367,126.9513061
85,신대방,서울,동작구,서울 동작구 신대방동 607-28,37.4895263,126.9074041
86,신대방삼거리,서울,동작구,서울 동작구 대방동 407-46,37.4993617,126.9271809
87,흑석1호,서울,동작구,서울 동작구 흑석동 180-6,37.5087007,126.9616744
88,도화,서울,마포구,"서울 마포구 도화동 179-8 1,2층",37.5409923,126.9493015
89,망원2동,서울,마포구,서울 마포구 망원2동 474-15,37.5612072,126.90516
90,상암,서울,마포구,서울 마포구 상암동 34-45,37.5766621,126.8945684
91,성산2동,서울,마포구,서울 마포구 성산동 592,37.5634262,126.9033573
92,신공덕,서울,마포구,서울 마포구 신공덕동 159(신공덕 래미안상가 1동109호),37.5463789,126.9580316
93,신수,서울,마포구,서울 마포구 신수동 451번지 세양청마루아파트 상가 101호,37.5477891,126.9367156
94,아현,서울,마포구,서울 마포구 아현동 774 마포래미안 푸르지오 101동 상가 114호,37.5527457,126.9528638
95,연남,서울,마포구,서울 마포구 연남동 369-20,37.5634083,126.9207441
96,홍대,서울,마포구,서울 마포구 서교동 371-3,37.5535948,126.9201353
97,독립문,서울,서대문구,서울 서대문구 냉천동 228,37.5675696,126.964459
98,명지대,서울,서대문구,서울 서대문구 남가좌동 344-7,37.5780433,126.9219873
99,북가좌1호,서울,서대문구,서울 서대문구 응암로 11,37.5753667,126.9068459
100,북아현1호,서울,서대문구,서울 서대문구 북아현동 1006,37.5609351,126.9563623
101,신촌,서울,서대문구,서울 서대문구 창천동 41-14,37.55813,126.9376841
103,홍은1호,서울,서대문구,서울 서대문구 홍제동 279-52,37.5958376,126.948659
104,홍은사거리,서울,서대문구,서울 서대문구 홍제동 326-20,37.5902759,126.941984
105,반포1호,서울,서초구,서울 서초구 반포동 1053 H동 26호,37.5010957,126.987202
106,방배1호,서울,서초구,서울 서초구 방배동 761-8,37.4954096,126.9856405
108,서초1호,서울,서초구,서울 서초구 서초동 1357-56,37.4875064,127.030943
109,서초2호,서울,서초구,서울 서초구 서초동 1669-15,37.4934967,127.0171316
110,서초3호,서울,서초구,서울 서초구 서초동 1579-5,37.4882571,127.0134852
111,양재1호,서울,서초구,서울 서초구 양재동 327-2,37.4689733,127.0406905
112,잠원1호,서울,서초구,서울 서초구 잠원동 15-4,37.5157488,127.0173607
113,금호1호,서울,성동구,서울 성동구 금호동1가 1801-3,37.5488684,127.0261315
114,성수1호,서울,성동구,서울 성동구 성수동2가 235-1,37.5370315,127.0607285
115,성수역,서울,성동구,서울 성동구 성수동2가 289-251,37.5461102,127.0546229
117,왕십리도선,서울,성동구,서울 성동구 홍익동 131-1,37.5648619,127.0360458
118,응봉,서울,성동구,서울 성동구 응봉동 100 상가내 1층,37.5519308,127.0332645
119,동덕여대,서울,성북구,서울 성북구 하월곡동 17-1,37.6036955,127.0429987
120,동소문,서울,성북구,서울 성북구 동소문동 6가 227 1층,37.5947501,127.0158512
121,보문역,서울,성북구,서울 성북구 보문동2가 40,37.5865709,127.0184073
122,석관장위,서울,성북구,서울 성북구 장위2동 64-129,37.6113491,127.0562739
123,정릉1호,서울,성북구,서울 성북구 정릉4동 285-4,37.6106038,127.0093776
124,정릉2호,서울,성북구,서울 성북구 정릉동 175-24,37.6039119,127.0152637
125,가락2호,서울,송파구,서울 송파구 가락동 75-7,37.4970147,127.1200293
126,거여가락1호,서울,송파구,서울 송파구 가락동 180-9,37.4925118,127.135573
127,마천1호,서울,송파구,서울 송파구 거여동 32-6,37.4926935,127.1490817
128,문정법조,서울,송파구,서울 송파구 문정동 620 송파푸르지오시티 B09호,37.4807635,127.1212482
129,방이2호,서울,송파구,서울 송파구 방이동 59-1,37.5148082,127.1096737
130,방이역,서울,송파구,서울 송파구 오금동 41-23 성암빌딩 1층,37.507345,127.1285965
131,석촌,서울,송파구,서울 송파구 석촌동 163-1,37.5067145,127.1035054
132,송파1호,서울,송파구,서울 송파구 송파동 103-31,37.5030554,127.1131087
133,위례송파,서울,송파구,"서울 송파구 장지동 894 위례아이파크 상가1동 103호, 104호",37.477118,127.1422346
134,잠실1호,서울,송파구,서울 송파구 잠실본동 313-8,37.505631,127.0826073
135,잠실2호,서울,송파구,서울 송파구 신천동 11-4,37.5174379,127.1035774
136,장지,서울,송파구,서울 송파구 문정동 102-1,37.4854821,127.1313301
137,풍납1호,서울,송파구,서울 송파구 풍납2동 405번지,37.5293905,127.1163777
138,목동1호,서울,양천구,서울 양천구 목동 797-3,37.5325974,126.866545
139,목동2호,서울,양천구,서울 양천구 목동 909-8 이화프라자 1층 101호,37.5368893,126.8836129
140,목동오거리,서울,양천구,서울 양천구 목동 940 현대아이파크상가 102,37.5289928,126.864994
141,신월2호,서울,양천구,서울 양천구 신월7동 972-6,37.5205199,126.8349232
142,신정1호,서울,양천구,서울 양천구 신정1동 1027-2,37.5213643,126.857246
143,신트리,서울,양천구,서울 양천구 신정동 1267 목동뉴프라자,37.5132375,126.8555396
144,오목교,서울,양천구,서울 양천구 신정동 1296 아이파크 상가 1층,37.5216476,126.8721606
145,화곡1호,서울,양천구,서울 양천구 신월동 23-17,37.5399771,126.8333049
146,당산1호,서울,영등포구,서울 영등포구 영등포동8가 76-1 삼환@상가 112호,37.529457,126.9050877
147,대림2호,서울,영등포구,서울 영등포구 대림3동 783-6,37.5014118,126.896739
148,문래,서울,영등포구,서울 영등포구 문래동3가 77-58,37.5182694,126.889293
149,신길1호,서울,영등포구,서울 영등포구 신길3동 355-1,37.5061634,126.9020834
150,신길2호,서울,영등포구,서울 영등포구 신길7동 674,37.5029462,126.9211658
151,여의도,서울,영등포구,서울 영등포구 여의도동 44-31,37.5197848,126.9302842
152,영등포1호,서울,영등포구,서울 영등포구 도림동 76-24,37.5096924,126.9076656
153,동부이촌,서울,용산구,서울 용산구 이촌1동 301-153 오성상가 103,37.520755,126.974587
154,보광,서울,용산구,서울 용산구 보광동 217-13,37.5261951,126.9986945
155,용문,서울,용산구,서울 용산구 용문동 28-26,37.5377849,126.9599805
156,후암,서울,용산구,서울 용산구 후암동 244-59,37.5485152,126.97799
157,구산역,서울,은평구,서울 은평구 갈현2동 464-14,37.6128764,126.9172509
158,대조,서울,은평구,서울 은평구 대조동 231 삼성타운 A 101호,37.6090296,126.9217297
159,불광1동,서울,은평구,서울 은평구 불광동 554-1 라비앙프라자1층 101호,37.6123795,126.9321089
160,신사1동,서울,은평구,서울 은평구 신사동 29-13,37.5977387,126.9105698
161,역촌1호,서울,은평구,서울 은평구 역촌동 55-1,37.6053552,126.911143
162,연신내,서울,은평구,서울 은평구 불광동 484-72,37.6204674,126.9205035
164,응암1동,서울,은평구,서울 은평구 응암동 236-33,37.5932494,126.9229106
165,증산,서울,은평구,서울 은평구 증산동 209-18,37.5826496,126.9055113
166,대학로,서울,종로구,서울 종로구 명륜동4가 113-1,37.5820788,127.0004807
167,숭인,서울,종로구,서울 종로구 숭인2동 183-13,37.5746252,127.0200885
169,신당1호,서울,중구,서울 중구 신당동 846,37.562426,127.0173046
170,망우본동,서울,중랑구,서울 중랑구 망우동 149-7,37.6004011,127.105532
171,면목1호,서울,중랑구,서울 중랑구 면목본동 72-43,37.5893719,127.0927584
172,면목2호,서울,중랑구,서울 중랑구 면목2동 191-126,37.5897105,127.0736456
173,면목3호,서울,중랑구,서울 중랑구 면목동 1096-16,37.5790278,127.0914254
174,묵동,서울,중랑구,서울 중랑구 묵동 238-90,37.6133274,127.0767527
175,상봉1호,서울,중랑구,서울 중랑구 상봉1동 268-34,37.6002208,127.0877544
176,신내1호,서울,중랑구,서울 중랑구 신내1동 571-26 1층 상가,37.6045008,127.0957525
177,국제신도시,부산,강서구,부산 강서구 명지동 3412-6,35.0977301,128.919625
178,명지신도시,부산,강서구,부산 강서구 명지동 3256-5,35.0858853,128.9097638
179,신호,부산,강서구,부산 강서구 신호동 317-15,35.0821489,128.8727315
180,구서1호,부산,금정구,부산 금정구 구서2동 1024-1,35.2580099,129.0862465
181,남산1호,부산,금정구,부산 금정구 남산동 99-6,35.2679763,129.0892892
182,부곡1호,부산,금정구,부산 금정구 부곡동 23-15,35.2424354,129.0936429
183,부곡2호,부산,금정구,부산 금정구 부곡1동 324-20,35.2240133,129.0914132
185,서동1호,부산,금정구,부산 금정구 서동 210-6,35.2142229,129.1063637
186,장전1호,부산,금정구,부산 금정구 장전동 134-19,35.2379564,129.0837758
187,기장1호,부산,기장군,부산 기장군 기장읍 동부리 150-18,35.2479998,129.2145777
188,정관1호,부산,기장군,부산 기장군 정관면 매학리,35.3166017,129.1658339
189,정관2호,부산,기장군,부산 기장군 모전리 747-7,35.3347615,129.1683829
190,감만,부산,남구,부산 남구 감만1동 158-6,35.1154115,129.0812302
191,대연1호,부산,남구,부산 남구 대연동 1013-8,35.130007,129.0899871
192,대연2호,부산,남구,부산 남구 대연동 52-7,35.1366681,129.1020801
193,메트로시티1호,부산,남구,부산 남구 용호동 176-30,35.1278077,129.1122058
194,못골,부산,남구,부산 남구 대연동 1543-33,35.1382104,129.0868247
195,문현2호,부산,남구,부산 남구 문현1동 127-56,35.1431547,129.071324
197,범일1호,부산,동구,부산 동구 범일2동 833-2,35.1399331,129.0599214
198,수정1호,부산,동구,부산 동구 수정동 295-3,35.1281376,129.0457014
199,초량,부산,동구,부산 동구 초량2동 489-4,35.1161117,129.0395687
200,명륜,부산,동래구,부산 동래구 명륜1동 673-9,35.2170806,129.0843445
201,명장1호,부산,동래구,부산 동래구 명장동 26-24번지 국제아파트 상가 106호,35.2055734,129.0997579
202,복천,부산,동래구,부산 동래구 복천동 476-1,35.2058512,129.0856298
203,사직1호,부산,동래구,부산 동래구 사직동 137-5번지,35.2002804,129.0702312
204,사직2호,부산,동래구,부산 동래구 사직동 89-16,35.1956219,129.0592652
205,안락2호,부산,동래구,부산 동래구 안락동 670-13,35.1939223,129.1006083
206,온천1호,부산,동래구,부산 동래구 온천동 210-5번지,35.2191638,129.081255
207,온천2호,부산,동래구,부산 동래구 온천3동 1448-1 명보아파트 상가 가동 101호,35.2040939,129.0698858
208,우방신세계,부산,동래구,부산 동래구 안락동 471-4,35.1993555,129.1125632
209,가야,부산,부산진구,부산 부산진구 가야동 478,35.1476926,129.0307057
210,개금1호,부산,부산진구,부산 부산진구 개금동 2-1,35.1616111,129.0258885
211,당감,부산,부산진구,부산 부산진구 당감동 367-2,35.1647837,129.0346384
212,범천,부산,부산진구,부산 부산진구 범천동 1278-11,35.1467919,129.0551901
213,서면,부산,부산진구,부산 부산진구 부전동 266-24,35.1592945,129.0599424
214,신개금,부산,부산진구,부산 부산진구 개금1동 201-6,35.1534952,129.0240037
215,양정,부산,부산진구,부산 부산진구 양정동 310-6,35.1737073,129.0728202
216,연지,부산,부산진구,부산 부산진구 동평로 299,35.1723561,129.0591931
217,초읍1호,부산,부산진구,부산 부산진구 초읍동 288-6,35.1805828,129.0474815
218,구포1호,부산,북구,부산 북구 구포3동 1228-1,35.1983453,129.0084279
219,덕천2호,부산,북구,부산 북구 덕천3동 781-2,35.2107595,129.0191862
220,만덕2호,부산,북구,부산 북구 만덕3동 915-6,35.2116224,129.028551
221,화명1호,부산,북구,부산 북구 화명동 1417-15호 좌측,35.2360576,129.0151244
222,화명3호,부산,북구,부산 북구 화명동 182-5(2층),35.2452281,129.0130718
223,화명신도시,부산,북구,부산 북구 화명동 2266-1,35.2362308,129.0086843
224,괘법,부산,사상구,부산 사상구 괘법동 516-1,35.1677708,128.9805278
225,덕포,부산,사상구,부산 사상구 덕포동 420-4,35.1717409,128.9833618
227,신주례,부산,사상구,부산 사상구 주례2동 3-17,35.1538889,129.0156656
228,엄궁,부산,사상구,부산 사상구 엄궁동 40-94,35.1283236,128.9747432
229,주례럭키,부산,사상구,부산 사상구 주례동 55-176,35.149793,129.0136966
230,학장,부산,사상구,부산 사상구 학장동 579-9,35.1396369,128.9801902
231,괴정1호,부산,사하구,부산 사하구 괴정동 487-24,35.0963637,128.9927102
232,다대1호,부산,사하구,부산 사하구 다대2동 85-5,35.0665572,128.980314
233,다대2호,부산,사하구,부산 사하구 다대동 1014,35.0586283,128.9659453
234,당리괴정2호,부산,사하구,부산 사하구 괴정동 577-42,35.0999976,128.983353
235,신평1호,부산,사하구,부산 사하구 신평동 71-15,35.0898488,128.9779905
236,장림,부산,사하구,부산 사하구 장림동 590,35.0759781,128.9724588
237,하단1호,부산,사하구,부산 사하구 하단2동 506-15,35.1100592,128.9662042
238,하단2호,부산,사하구,부산 사하구 하단동 602-7,35.1034937,128.96144
239,국제신도시,부산,강서구,부산 강서구 명지동 3412-6,35.0977301,128.919625
240,남부민,부산,서구,부산 서구 남부민동 456-13,35.0846802,129.02107
241,대신,부산,서구,부산 서구 대영로 30,35.1094084,129.0147704
242,명지신도시,부산,강서구,부산 강서구 명지동 3256-5,35.0858853,128.9097638
243,송도감천,부산,서구,부산 서구 암남동 64-2 104호,35.0812579,129.0171926
244,신호,부산,강서구,부산 강서구 신호동 317-15,35.0821489,128.8727315
245,아미부민,부산,서구,부산 서구 부민동1가 11-3,35.1045823,129.0210673
246,광안2호,부산,수영구,부산 수영구 광안동 168-3,35.1536997,129.1123817
247,망미1호,부산,수영구,부산 수영구 망미동 431-11,35.1761884,129.1071953
248,민락,부산,수영구,부산 수영구 민락동 165-15,35.1582125,129.120838
249,수영,부산,수영구,부산 수영구 수영동 503-23,35.1685737,129.1197892
250,거제법조,부산,연제구,부산 연제구 거제동 986-5,35.1901625,129.067961
251,시청,부산,연제구,부산 연제구 거제3동 34-19,35.1868643,129.0764242
252,연산2호,부산,연제구,부산 연제구 연산4동 578-1 삼익아파트 상가 101호,35.1913923,129.0812709
253,연산3호,부산,연제구,부산 연제구 연산동 2133-48,35.1740596,129.0926905
254,대교남항,부산,영도구,부산 영도구 남항동 2가 40,35.0898385,129.037323
255,동삼,부산,영도구,부산 영도구 동삼1동 331-9,35.0769087,129.0707655
256,봉래영선,부산,영도구,"부산 영도구 영선동1가 69-2, 69-3",35.0913822,129.0448301
257,청학,부산,영도구,부산 영도구  청학동 13-14,35.0953046,129.0636317
258,영주대청,부산,중구,부산 중구 대청동4가 82-13,35.1037381,129.0290398
259,반송,부산,해운대구,부산 해운대구 반송2동 216-150,35.2296923,129.1549013
260,반여1호,부산,해운대구,부산 해운대구 반여동 1628-5,35.2011176,129.1236781
261,송정,부산,해운대구,부산 해운대구 송정동 227-7,35.1821942,129.2039978
262,우동1호,부산,해운대구,부산 해운대구 우동 1090-13,35.1694599,129.1385959
263,재송1호,부산,해운대구,부산 해운대구 재송2동 1149-13,35.1925391,129.1288255
264,재송2호,부산,해운대구,부산 해운대구 재송동 1083-1,35.1877493,129.1241668
265,좌동1호,부산,해운대구,부산 해운대구 좌동 970,35.1738765,129.1758803
266,좌동3호,부산,해운대구,부산 해운대구 좌동 1450  주공3단지 상가 205,35.165278,129.1841843
267,해운대역,부산,해운대구,부산 해운대구 우동 639-4,35.1624409,129.1572806
268,계명,대구시,남구,대구시 남구 양지로 107,35.8517177,128.5795179
269,대명1호,대구,남구,대구 남구 대명동 1098-4,35.8389485,128.564183
270,봉덕,대구,남구,대구 남구 봉덕동 687-32,35.8426686,128.5972839
271,앞산,대구,남구,대구 남구 대명9동 332-16,35.8409468,128.5820778
272,이천대봉,대구,남구,대구 남구 이천동 184-9,35.854594,128.6036053
273,감삼성당,대구,달서구,대구 달서구 감삼동 317-3,35.8437198,128.5400144
274,대곡,대구,달서구,대구 달서구 도원동 1442-2 1층 107호,35.8060515,128.5351845
275,상인,대구,달서구,대구 달서구 상인동 1555-1,35.8124931,128.5456724
276,성서,대구,달서구,대구 달서구 신당동 1763-2,35.8570366,128.4996065
277,송현,대구,달서구,대구 달서구 송현1동 207-2,35.832076,128.5529332
278,신월성,대구,달서구,대구 달서구 월성동 1264번지 트럼프스타 B/D 106호,35.8218151,128.5279104
279,용산,대구,달서구,대구 달서구 용산1동 954-6,35.8547425,128.5308647
280,용산새방,대구,달서구,대구 달서구 용산동 499-2,35.8585408,128.5216233
281,장기,대구,달서구,대구 달서구 장기동 566-4,35.8422371,128.530879
282,진천,대구,달서구,대구 달서구 송현동 1978-11,35.8268063,128.5556902
283,논공,대구,달성군,대구 달성군 논공읍 북리 803-128,35.7294729,128.443948
284,다사,대구,달성군,대구 달성군 다사읍 죽곡리 809-1,35.8568428,128.4645573
285,명곡,대구,달성군,대구 달성군 화원읍 명곡리 320-1,35.7988017,128.4925936
286,서재세천,대구,달성군,대구 달성군 다사읍 서재리 423-15,35.8714658,128.4971675
287,테크노폴리스,대구,달성군,대구 달성군 유가면 봉리 606 하이젠스타 115호,35.6931237,128.4582046
288,화원,대구,달성군,대구 달성군 화원읍 천내리 54-1,35.8058942,128.5045088
289,대구혁신,대구,동구,대구 동구 각산동 1098-5 102호,35.8777013,128.7222481
290,동구청,대구,동구,대구 동구 효목1동 962-3,35.8856706,128.635346
291,동호,대구,동구,대구 동구 동호동 384-7,35.8655541,128.7241001
292,방촌,대구,동구,대구 동구 방촌동 1118-121,35.8768259,128.6694671
293,신암대현,대구,동구,대구 동구 신암동 806-3,35.8811686,128.6135104
294,신천1호,대구,동구,대구 동구 신천동 501-5,35.8747907,128.617186
296,율하,대구,동구,대구 동구 율하동 1311번지 102호,35.862881,128.689532
297,지묘봉무,대구,동구,대구 동구 지묘동 808-3,35.9423161,128.6371589
298,지저불로,대구,동구,대구 동구 지저동 833-15,35.8925362,128.6380294
299,관음,대구,북구,대구 북구 관음동 1383-9,35.9395159,128.5495057
300,구암,대구,북구,대구 북구 태전동 1074-6,35.9253029,128.548524
301,금호지구,대구,북구,대구 북구 사수동 912,35.8970422,128.516217
302,동서변,대구,북구,대구 북구 동변동 669-4,35.9210259,128.6031143
303,동천3지구,대구,북구,대구 북구 동천동 906-3,35.942827,128.5595576
304,복현1호,대구,북구,대구 북구 복현동 460-6,35.8928313,128.6205549
305,복현2호,대구,북구,대구 북구 복현동 539 -110 복현서한타운 상가 103호,35.9023785,128.617226
306,산격,대구,북구,대구 북구 산격동 1400-20,35.8921113,128.6080703
307,원대,대구,북구,대구 북구 노원동3가 892-1,35.8922274,128.5679406
308,침산,대구,북구,대구 북구 침산동 457-31번지,35.8901804,128.583849
309,태전,대구,북구,대구 북구 태전동 254-30,35.9250101,128.5434593
310,팔달매천,대구,북구,대구 북구 매천동 682,35.9086324,128.5425329
311,감삼성당,대구,달서구,대구 달서구 감삼동 317-3,35.8437198,128.5400144
312,내당,대구,서구,대구 서구 내당동 219-7,35.8595599,128.5611507
313,달성비산,대구,서구,"대구 서구 비산 2,3동 3-50",35.8786117,128.5756826
314,대곡,대구,달서구,대구 달서구 도원동 1442-2 1층 107호,35.8060515,128.5351845
315,상인,대구,달서구,대구 달서구 상인동 1555-1,35.8124931,128.5456724
316,성서,대구,달서구,대구 달서구 신당동 1763-2,35.8570366,128.4996065
317,송현,대구,달서구,대구 달서구 송현1동 207-2,35.832076,128.5529332
318,신월성,대구,달서구,대구 달서구 월성동 1264번지 트럼프스타 B/D 106호,35.8218151,128.5279104
319,용산,대구,달서구,대구 달서구 용산1동 954-6,35.8547425,128.5308647
320,용산새방,대구,달서구,대구 달서구 용산동 499-2,35.8585408,128.5216233
321,장기,대구,달서구,대구 달서구 장기동 566-4,35.8422371,128.530879
322,진천,대구,달서구,대구 달서구 송현동 1978-11,35.8268063,128.5556902
323,평리,대구,서구,대구 서구 평리동 1093-11,35.87089,128.5557108
324,만촌1호,대구,수성구,대구 수성구 만촌동 849-2,35.857586,128.6481105
325,만촌2호,대구,수성구,대구 수성구 만촌1동 1330-12,35.8727468,128.6407842
326,범물,대구,수성구,대구 수성구 범물동 1374-4,35.8176585,128.644137
327,범어1호,대구,수성구,대구 수성구 범어동 203-18,35.857277,128.6342897
328,수성,대구,수성구,대구 수성구 수성4가 1023-30,35.8611096,128.6175136
329,시지1호,대구,수성구,대구 수성구 매호동 1328-12,35.8436122,128.7078527
330,시지2호,대구,수성구,대구 수성구 시지동 498번지 시지노변아파트 상가 2동 108호,35.8386664,128.695751
331,중동,대구,수성구,대구 수성구 중동 97-5,35.8455793,128.6129861
332,지산,대구,수성구,"대구 수성구 지산동 1234, 113동 4호",35.8229468,128.6299345
333,파동,대구,수성구,대구 수성구 파동 27-284,35.8176975,128.6136793
334,황금,대구,수성구,대구 수성구 두산동 133-1,35.8351379,128.6207363
336,중앙,대구,중구,대구 중구 남일동 33-9,35.8704518,128.5937236
337,강화,인천,강화군,인천 강화군 강화읍 갑곳리 199-1,37.743003,126.4919055
338,계산1호,인천,계양구,인천 계양구 계산동 1081-10,37.5359463,126.7368945
339,계산2호,인천,계양구,인천 계양구 계산3동 61-2,37.538153,126.7308284
340,임학박촌,인천,계양구,인천 계양구 박촌동 52-3,37.556093,126.7452917
341,작전1호,인천,계양구,인천 계양구 작전동 149-1,37.5277795,126.733807
342,효성1호,인천,계양구,"인천 계양구 효성1동 21-11 현대아파트 상가동 101호, 102호, 103호",37.5330347,126.7132208
343,효성2호,인천,계양구,인천 계양구 효성2동 273-3,37.5263946,126.7110865
344,관교,인천,남구,인천 남구 관교동 321-5,37.4469908,126.6926306
345,용현2동,인천,남구,인천 남구 용현동 558-32,37.4558933,126.6409786
346,용현5동,인천,남구,인천 남구 용현동 630-45,37.4524411,126.6339957
347,주안1호,인천,남구,인천 남구 주안동 1523-2,37.4478631,126.6865829
348,주안3호,인천,남구,인천 남구 주안동 929-11,37.4628373,126.6900926
349,학익1호,인천,남구,인천 남구 학익동 665-3,37.4392414,126.6755302
350,간석1호,인천,남동구,인천 남동구 구월동 70-80,37.4580202,126.7146626
351,구월,인천,남동구,인천 남동구 구월동 1133-13,37.4537021,126.704096
352,논현1호,인천,남동구,인천 남동구 논현동 620-8,37.4020304,126.7215397
353,논현에코메트로,인천,남동구,인천 남동구 논현동 752-1,37.3984784,126.7341798
354,만수1호,인천,남동구,인천 남동구 만수동 1045 103호,37.441048,126.7373865
355,만수2호,인천,남동구,인천 남동구 만수2동 5-440,37.4628645,126.7362728
356,만수3호,인천,남동구,인천 남동구 간석3동 921-14,37.4611252,126.7207885
357,서창,인천,남동구,인천 남동구 서창동 706,37.422917,126.7498553
358,간석1호,인천,남동구,인천 남동구 구월동 70-80,37.4580202,126.7146626
359,구월,인천,남동구,인천 남동구 구월동 1133-13,37.4537021,126.704096
360,논현1호,인천,남동구,인천 남동구 논현동 620-8,37.4020304,126.7215397
361,논현에코메트로,인천,남동구,인천 남동구 논현동 752-1,37.3984784,126.7341798
362,만수1호,인천,남동구,인천 남동구 만수동 1045 103호,37.441048,126.7373865
363,만수2호,인천,남동구,인천 남동구 만수2동 5-440,37.4628645,126.7362728
364,만수3호,인천,남동구,인천 남동구 간석3동 921-14,37.4611252,126.7207885
365,서창,인천,남동구,인천 남동구 서창동 706,37.422917,126.7498553
366,송현,인천,동구,인천 동구 송림동 234-1,37.4735499,126.6372242
367,부개1동,인천,부평구,인천 부평구 부개동 265-3,37.4864845,126.7381654
368,부개3동,인천,부평구,인천 부평구 부개동 12-127,37.5040604,126.735972
369,부평1호,인천,부평구,인천 부평구 부평동 451-30,37.5018188,126.7213295
370,부평2호,인천,부평구,인천 부평구 부평동 889-8,37.5047832,126.7249804
371,산곡1호,인천,부평구,인천 부평구 산곡동 369-270,37.4919534,126.7044933
372,산곡2호,인천,부평구,인천 부평구 산곡동 119-54,37.5077533,126.7088486
373,산곡3호,인천,부평구,인천 부평구 산곡2동 251-1,37.5002325,126.703043
374,삼산,인천,부평구,인천 부평구 삼산동 433-1,37.5160132,126.7339301
375,십정1호,인천,부평구,인천 부평구 십정2동 488-41,37.4707721,126.706539
376,가좌,인천,서구,인천 서구 가좌동 30-78,37.4940763,126.6842968
378,검암,인천,서구,인천 서구 검암동 626-2번지 태건프라자 105호,37.5620607,126.6735118
379,당하,인천,서구,인천 서구 마전동 585,37.5952241,126.6721762
380,불로원당,인천,서구,인천 서구 당하동 1033-3 조이빌 103,37.5930332,126.6995701
381,석남가정,인천,서구,인천 서구 가정동 505-4,37.5176996,126.6734908
382,연희1호,인천,서구,인천 서구 심곡동 257-15,37.5420981,126.6732817
383,청라,인천,서구,인천 서구 연희동 799-8 우리프라자 1층,37.5334055,126.652457
384,동춘,인천,연수구,인천 연수구 동춘동 934-1,37.4074642,126.6719134
385,선학연수3호,인천,연수구,인천 연수구 선학동 406-2,37.4270112,126.6984037
386,송도1호,인천,연수구,인천 연수구 송도동 21-59  302동 102호,37.3964969,126.6498097
387,송도드림시티,인천,연수구,인천 연수구 송도동 3-2,37.3949452,126.6501445
388,연수중앙,인천,연수구,인천 연수구 연수동 626,37.413152,126.6792367
389,옥련,인천,연수구,인천 연수구 옥련동 194-4,37.4238897,126.6444091
390,공항신도시,인천,중구,인천 중구 운서동 2797-4 대원프라자,37.4941447,126.4901584
391,영종하늘도시,인천,중구,"인천 중구 중산동 1884-4 108,109호",37.4888602,126.5617914
392,소촌우산,광주,광산구,광주 광산구 소촌동 244-6,35.1574941,126.7953369
393,송정1호,광주,광산구,광주 광산구 도산동 1143,35.1291944,126.7917364
394,수완1호,광주,광산구,광주 광산구 장덕동 1479번지 1층,35.1914317,126.8139523
395,수완2호,광주,광산구,광주 광산구 수완동 1128번지  102호,35.1916279,126.8284982
396,신창,광주,광산구,광주 광산구 신창동 1236-1,35.1944241,126.8380787
397,운남1호,광주,광산구,광주 광산구 월곡2동 683-1,35.17617,126.8114668
399,첨단2호,광주,광산구,광주 광산구 쌍암동 655-4번지,35.2204931,126.8424082
400,하남1호,광주,광산구,광주 광산구 산정동 977-13,35.1667673,126.8037113
401,노대효천,광주,남구,광주 남구 노대동 814,35.1021349,126.9005572
402,백운,광주,남구,광주 남구 서동 71-15,35.1431848,126.9056443
403,봉선1호,광주,남구,광주 남구 주월1동 1253-4,35.1331427,126.9103795
404,봉선2호,광주,남구,광주 남구 봉선2동 475,35.1259227,126.9098749
405,주월,광주,남구,광주 남구 월산동 1034-17,35.1386177,126.8931463
406,진월,광주,남구,광주 남구 진월동 870번지 한국아델리움 2차상가 230동 102호,35.1148416,126.896364
407,계림,광주,동구,광주 동구 장동 16-4,35.1528969,126.9191085
408,조선대,광주,동구,광주 동구 지산동 500번지,35.1460928,126.9311151
409,학동,광주,동구,광주 동구 학동 735-16,35.1327573,126.9300733
410,두암1호,광주,북구,광주 북구 두암2동 826-50,35.174902,126.9332276
411,문흥1호,광주,북구,광주 북구 문흥동 980-15,35.1887846,126.9259243
412,양산1호,광주,북구,광주 북구 양산동 877-1 1층,35.2102209,126.8793616
413,오치,광주,북구,광주 북구 오치동 785-4,35.186824,126.8985723
414,운암1호,광주,북구,광주 북구 운암3동 1051-5,35.1827718,126.872492
415,운암2호,광주,북구,광주 북구 운암동 492-39,35.1749782,126.8869424
416,일곡1호,광주,북구,광주 북구 일곡동 828-4,35.2049665,126.8992142
417,전남대,광주,북구,광주 북구 용봉동161-15번지,35.1754808,126.9141846
418,첨단신용,광주,북구,광주 북구 신용동 693,35.206552,126.8602476
419,금호,광주,서구,광주 서구 쌍촌동 881번지,35.1445211,126.8575195
420,동천,광주,서구,광주 서구 동천동 527,35.1699099,126.8619455
421,마재,광주,서구,"광주 서구 금호동 813 대주파크빌상가 124동 114호, 115호",35.1276101,126.8563361
422,상무1호,광주,서구,광주 서구 치평동 1181-2번지 107호,35.1521229,126.8477846
423,쌍촌1호,광주,서구,광주 서구 쌍촌동 147,35.1579548,126.8659228
424,풍암1호,광주,서구,광주 서구 풍암동 1048번지 호반 APT상가 104호,35.1248923,126.8746768
425,화정1호,광주,서구,광주 서구 화정동 824-16,35.1432421,126.8745777
426,화정2호,광주,서구,"광주 서구 농성동 666-1 1층 113,114호",35.1481659,126.8850425
427,송촌1호,대전,대덕구,대전 대덕구 송촌동 454-4,36.3652399,127.4377878
428,신탄진,대전,대덕구,대전 대덕구 석봉동 309-1,36.4480508,127.4207109
430,가오천동,대전,동구,대전 동구 가오동 235-12,36.3058191,127.4527061
431,용운,대전,동구,대전 동구 용운동 306-3,36.3279327,127.4595963
432,자양대동,대전,동구,대전 동구 대동 192-1,36.3308088,127.4435705
433,가장내동,대전,서구,대전 서구 가장동 50-45,36.3325375,127.3874933
434,갈마1호,대전,서구,대전 서구 갈마2동 404-2 푸른아파트 상가 107-2,36.3430849,127.3712894
435,관저느리울,대전,서구,대전 서구 관저동 1354,36.2979647,127.3401882
436,도마1호,대전,서구,대전 서구 도마동 114-19,36.3163597,127.3715036
437,둔산1호,대전,서구,대전 서구 둔산2동 1093 101호,36.3521972,127.3743752
438,둔산2호,대전,서구,대전 서구 둔산동 1851,36.3510458,127.4002938
439,만년,대전,서구,대전 서구 만년동 277,36.3653006,127.3764809
440,복수,대전,서구,대전 서구 복수동 622,36.2987009,127.3787683
441,월평1호,대전,서구,대전 서구 월평1동 845번지,36.3551501,127.3641623
442,탄방,대전,서구,대전 서구 탄방동 723,36.3484493,127.3889794
443,관저1호,대전,유성구,대전 유성구 원내동 829 외 1필지,36.3019581,127.3307063
444,관평,대전,유성구,대전 유성구 관평동 1056,36.4236683,127.3920745
445,노은1지구,대전,유성구,대전 유성구 노은동 553-9 스타돔 120호,36.3658129,127.3172766
446,노은2지구,대전,유성구,대전 유성구 지족동 985-2,36.387025,127.316105
447,도안1지구,대전,유성구,대전 유성구 상대동 469-9,36.3474834,127.3391568
448,송강,대전,유성구,대전 유성구 봉산동 198-13,36.4365745,127.3866452
449,신성,대전,유성구,대전 유성구 신성동 137-15,36.3902843,127.3494238
450,유성,대전,유성구,대전 유성구 봉명동 621-1,36.358786,127.3458892
451,전민,대전,유성구,대전 유성구 전민동 306-13,36.3990053,127.403624
452,대사부사,대전,중구,대전 중구 대사동 69-53,36.3183872,127.429754
453,문화1호,대전,중구,대전 중구 문화동 466-16,36.30991,127.4026003
454,용두오류,대전,중구,대전 중구 용두동 26-1,36.3256061,127.4116552
455,중촌,대전,중구,대전 중구 중촌동 98-16,36.3397842,127.4123569
456,태평1호,대전,중구,대전 중구 유천동 326-13,36.3187458,127.3923968
457,공업탑,울산,남구,울산 남구 신정동 1218-7,35.5331562,129.3074739
458,달동,울산,남구,울산 남구 달동 135-2,35.5349441,129.3242857
460,삼산,울산,남구,울산 남구 달동 1331-20,35.5418253,129.3328264
461,삼산2호,울산,남구,울산 남구 삼산동 203-15,35.5423515,129.348331
462,수암,울산,남구,울산 남구 신정4동 870-9,35.5291698,129.317756
463,신정3동(구 신정3호점),울산,남구,울산 남구 신정3동 177-1,35.542145,129.3130738
464,야음1호,울산,남구,울산 남구 선암동 679-3,35.5197927,129.3130206
466,옥동,울산,남구,울산 남구 옥동 1406-17,35.5349681,129.2925643
467,울대,울산,남구,울산 남구 무거동 583-17,35.5393832,129.2563982
468,남목서부,울산,동구,울산 동구 서부동 181-31,35.5241017,129.4326405
469,방어,울산,동구,울산 동구 방어동 1149-1,35.4836275,129.4147967
470,전하,울산,동구,울산 동구 전하2동 634-4,35.5103871,129.4268399
471,화정,울산,동구,울산 동구 화정동 438-3,35.4997745,129.4238334
472,강동산하,울산,북구,울산 북구 산하동 89,35.6355686,129.4378346
473,양정염포,울산,북구,울산 북구 양정동 497-11,35.5487896,129.3836742
474,호계1호,울산,북구,울산 북구 호계동 346-1,35.6275999,129.356557
475,호계2호,울산,북구,울산 북구 신천동 107-4,35.6429154,129.3495515
476,화봉,울산,북구,울산 북구 연암동 414-3,35.585617,129.3657817
477,구영,울산,울주군,울산 울주군 범서읍 구영리 801-6,35.5712152,129.2425404
478,남창,울산,울주군,울산 울주군 온양읍 운화리 56-6,35.4119585,129.2791341
479,덕신,울산,울주군,울산 울주군 온산읍 덕신리 1293-4,35.4356592,129.3106361
480,언양,울산,울주군,울산 울주군 언양읍 동부리 147-1,35.5656328,129.1264674
481,웅촌,울산,울주군,울산 울주군 청량면 삼정리 755-1 가동 216호,35.4959939,129.237965
482,천상,울산,울주군,울산 울주군 범서읍 천상리 650-5,35.5624051,129.2261326
483,다운,울산,중구,울산 중구 다운동 536-1,35.5582784,129.2727467
484,반구1호,울산,중구,울산 중구 반구동 874-3,35.5604351,129.3487627
485,반구2호,울산,중구,울산 중구 반구동 99-17,35.562046,129.3373782
486,복산,울산,중구,울산 중구 복산동 399-12,35.5630961,129.3293959
487,성안,울산,중구,울산 중구 성안동 804-10,35.5758302,129.3082611
488,약사병영,울산,중구,울산 중구 약사동 629-17,35.5676499,129.3412644
489,옥교,울산,중구,울산 중구 학산동 3-27,35.5551875,129.3314015
490,우정,울산,중구,울산 중구 우정동 436-41,35.5599861,129.3116611
491,태화,울산,중구,울산 중구 태화동 117-2,35.5518212,129.3008003
494,가평,경기,가평군,경기 가평군 가평읍 대곡리 230-23,37.8253268,127.5141254
495,청평,경기,가평군,경기 가평군 청평면 청평리 452-5,37.7364199,127.4168598
496,현리,경기,가평군,경기 가평군 하면 현리 259-7,37.8190896,127.3508228
497,고양동,경기,고양시,경기 고양시 덕양구 고양동 176-8 104호,37.7070559,126.9030085
498,무원마을,경기,고양시,경기 고양시 덕양구 행신동 719-9 (1층103호),37.6156722,126.8325401
500,원당,경기,고양시,경기 고양시 덕양구 성사동 519-2,37.6596371,126.8399676
501,행신1호,경기,고양시,경기 고양시 덕양구 행신동 995-2,37.6227607,126.8359847
502,화정1호,경기,고양시,경기 고양시 덕양구 화정동 906-5 1층 102호,37.6379146,126.8347831
503,강선,경기,고양시,경기 고양시 일산동구 정발산동 717-3,37.6666792,126.7707325
505,백마강촌,경기,고양시,경기 고양시 일산동구 마두1동 734 백마마을4단지상가 106호,37.6561127,126.7933557
506,백송,경기,고양시,경기 고양시 일산동구 백석동 1225 중앙프라자 103호,37.6493179,126.7863196
507,식사,경기,고양시,경기 고양시 일산동구 식사동 1531,37.6779381,126.812161
508,중산,경기,고양시,경기 고양시 일산동구 중산동 1667-3,37.6832479,126.7785156
509,호수,경기,고양시,경기 고양시 일산동구 백석동 1414-15,37.6465631,126.7807682
510,구일산,경기,고양시,경기 고양시 일산서구 일산동 967-6,37.6873407,126.7648819
511,대화,경기,고양시,경기 고양시 일산서구 대화동 2126-2 (동남빌딩 101호),37.6785314,126.7550952
512,주엽,경기,고양시,경기 고양시 일산서구 주엽2동 138 애비뉴상가 1층 1068호,37.6723926,126.7547212
513,탄현,경기,고양시,경기 고양시 일산서구 탄현동 1501-4,37.6942779,126.7710747
514,과천1호,경기,과천시,경기 과천시 원문동 4 레미안 슈르 A상가(4번지)동 제1층 1023호,37.4206721,126.9922934
515,광명1호,경기,광명시,경기 광명시 광명동 295-4,37.4762086,126.8531442
516,소하1호,경기,광명시,경기 광명시 소하동 1240-3,37.4362126,126.8821975
517,소하2호,경기,광명시,"경기 광명시 소하동 1363, 신촌 휴먼시아 상가 106호",37.4497138,126.8920955
518,철산1호,경기,광명시,경기 광명시 철산동 210-1,37.4804889,126.8641451
519,철산2호,경기,광명시,경기 광명시 철산동 92-1,37.4860589,126.8661367
520,하안1호,경기,광명시,"경기 광명시 하안동 35-5, 영보빌딩 102호",37.4608599,126.8788403
521,곤지암,경기,광주시,경기 광주시 곤지암읍 곤지암리 443-9,37.3500683,127.3401796
522,광주1호,경기,광주시,경기 광주시 경안동 154-1,37.4120863,127.2514732
523,신현,경기,광주시,경기 광주시 오포읍 신현리 371-4,37.3588438,127.1594975
524,태전,경기,광주시,경기 광주시 태전동 261-14,37.3910219,127.2301294
525,수택,경기,구리시,경기 구리시 교문동 760-12,37.5919641,127.1317461
526,인창,경기,구리시,경기 구리시 인창동 527-17,37.6069321,127.1341569
527,토평,경기,구리시,경기 구리시 토평동 970-6 1층 상가,37.5901593,127.1475154
528,당동1호,경기,군포시,경기 군포시 당동 904-5 그린프라자 102호,37.3479211,126.9439417
529,부곡,경기,군포시,경기 군포시 부곡동 1132-4 1층,37.3221291,126.9433539
530,산본1호,경기,군포시,경기 군포시 산본동 1106-3 101호,37.3675802,126.9263175
531,산본3호,경기,군포시,경기 군포시 산본동 48 에덴다모은정아파트 1층,37.3753653,126.9388241
532,산본역,경기,군포시,경기 군포시 산본동 1142-6,37.3581098,126.9319432
533,호계3호,경기,군포시,경기 군포시 당정동 2-3,37.365673,126.956459
534,고촌,경기,김포시,경기 김포시 고촌면 신곡리 1052,37.605484,126.7682684
535,구래,경기,김포시,경기 김포시 구래동 6883-1,37.6452748,126.626348
536,사우,경기,김포시,경기 김포시 사우동 998,37.6203644,126.7162528
537,운양,경기,김포시,경기 김포시 운양동 1297-6 승문리앤포레 1차 1층,37.6553152,126.6832392
539,통진1호,경기,김포시,경기 김포시 서암리 758-79,37.6932234,126.5996547
540,풍무,경기,김포시,경기 김포시 풍무동 429-11,37.6010711,126.7209328
541,덕소1호,경기,남양주시,경기 남양주시 와부읍 덕소리 141-91,37.5879365,127.2168911
542,도농1호,경기,남양주시,경기 남양주시 도농동 153-5,37.6054368,127.1570757
543,마석,경기,남양주시,경기 남양주시 화도읍 마석우리 384-8,37.6595193,127.3046529
544,별내1호,경기,남양주시,경기 남양주시 별내동 1078-3,37.6528136,127.1146683
545,별내2호,경기,남양주시,경기 남양주시 별내동 846-7,37.6653476,127.1172668
546,오남,경기,남양주시,경기 남양주시 오남읍 오남리 205-19,37.690931,127.2134622
547,진건,경기,남양주시,경기 남양주시 진건읍 사능리 353-4,37.6559926,127.1812431
548,진접장현리,경기,남양주시,경기 남양주시 진접읍 장현리 672-1,37.715383,127.1811013
549,진접지구,경기,남양주시,경기 남양주시 진접읍 금곡리 1041-1,37.7180969,127.2015392
550,창현,경기,남양주시,경기 남양주시 화도읍 창현리 462-3,37.6491048,127.3061098
551,퇴계원,경기,남양주시,경기 남양주시 퇴계원면 퇴계원리 290-14,37.6500393,127.1409005
552,평내,경기,남양주시,경기 남양주시 평내동 203-2,37.6494297,127.2369724
553,호평,경기,남양주시,경기 남양주시 호평동 650-1,37.6559199,127.247185
554,송내,경기,동두천시,경기 동두천시 지행동 694 예일 복합타워 114호,37.8931001,127.053226
555,괴안,경기,부천시,경기 부천시 소사구 괴안동 39-2,37.4809571,126.8051103
556,소사범박,경기,부천시,경기 부천시 소사구 소사본동 139-9,37.4780825,126.7959067
558,심곡1호,경기,부천시,경기 부천시 소사구 심곡본동 678-17,37.4814515,126.7817888
559,고강1호,경기,부천시,경기 부천시 오정구 고강1동 305-4,37.5242751,126.8125823
560,원종도당,경기,부천시,경기 부천시 오정구 원종1동 281-15,37.5219619,126.8051334
561,상동1호,경기,부천시,경기 부천시 원미구 상2동 546-6 110호,37.5039455,126.7506137
562,상동역,경기,부천시,경기 부천시 원미구 상동 523-3 대동프라자 1층 107호,37.5128174,126.751649
563,송내로데오,경기,부천시,경기 부천시 원미구 상동 400-2,37.4913062,126.752172
564,신중동,경기,부천시,경기 부천시 원미구 중동 1141-1,37.5028856,126.7728421
565,역곡2동,경기,부천시,경기 부천시 원미구 역곡동 48-5,37.4843035,126.8073366
566,중동2호,경기,부천시,경기 부천시 원미구 중4동 1033-3,37.5050728,126.7645392
567,동판교,경기,성남시,경기 성남시 분당구 삼평동 664,37.3974977,127.1107366
568,무지개마을,경기,성남시,경기 성남시 분당구 구미동 212-2,37.3360705,127.1185493
569,미금,경기,성남시,경기 성남시 분당구 구미동 47-1,37.3475642,127.1117547
570,서판교,경기,성남시,경기 성남시 분당구 판교동 612-3,37.3908028,127.0908658
571,서현,경기,성남시,"경기 성남시 분당구 서현동 89-7, 삼성한신근린상가",37.3814919,127.128129
572,수내1호,경기,성남시,경기 성남시 분당구 수내동 32 양지마을청구아파트,37.376324,127.1167026
573,아름마을,경기,성남시,"경기 성남시 분당구 야탑동 533-8, 미라보상가 1층 7호",37.4057579,127.123337
574,야탑1호,경기,성남시,경기 성남시 분당구 야탑동 272-4,37.4116185,127.1385736
575,정자,경기,성남시,경기 성남시 분당구 정자동 58-8,37.3704505,127.1141721
576,효자,경기,성남시,경기 성남시 분당구 서현동 298-3  효자촌프라자 119호,37.376985,127.1334289
577,수진1호,경기,성남시,경기 성남시 수정구 수진동 88번지 102호,37.4396939,127.1325978
578,신흥1호,경기,성남시,경기 성남시 수정구 신흥동 34,37.4492824,127.1456536
579,태평1동,경기,성남시,경기 성남시 수정구 태평동 6974-1,37.4398629,127.127355
580,금광1호,경기,성남시,경기 성남시 중원구 금광동 2706,37.4513344,127.1685999
581,상대원1호,경기,성남시,경기 성남시 중원구 상대원동 5027,37.4345959,127.1583182
582,은행1호,경기,성남시,경기 성남시 중원구 은행동 663-3,37.4609659,127.167498
583,고색,경기,수원시,경기 수원시 권선구 고색동 31-4,37.2522198,126.9849105
584,곡반정,경기,수원시,경기 수원시 권선구 곡반정동 584-4,37.2355156,127.0262506
585,권선1호,경기,수원시,경기 수원시 권선구 권선동 1260-5,37.2526702,127.0284912
586,금곡1호,경기,수원시,경기 수원시 권선구 금곡동 1088-1,37.2734615,126.9429584
587,탑동,경기,수원시,경기 수원시 권선구 탑동 766-2,37.2738319,126.9741506
588,호매실,경기,수원시,경기 수원시 권선구 호매실동 80-1,37.2700733,126.958738
589,광교1호,경기,수원시,경기 수원시 영통구 이의동 1332 CB 4~5호,37.290673,127.0505154
590,매탄1호,경기,수원시,경기 수원시 영통구 매탄동 1170-4,37.2553862,127.0402534
591,매탄2호,경기,수원시,경기 수원시 영통구 매탄2동 199-69,37.2691709,127.0480327
592,매탄3호,경기,수원시,경기 수원시 영통구 매탄4동 208-21,37.2666145,127.0462252
593,신영통1호,경기,수원시,경기 수원시 영통구 망포동 369-3,37.2419309,127.0549342
594,영통1호,경기,수원시,경기 수원시 영통구 영통동 1005-13,37.249839,127.076559
595,영통2호,경기,수원시,"경기 수원시 영통구 영통동 945-4, 한솔프라자 109호",37.2668697,127.081624
596,연무1호,경기,수원시,경기 수원시 장안구 연무동 249-13,37.2932998,127.0263912
597,율전1호,경기,수원시,경기 수원시 장안구 율전동 305-6,37.2988128,126.9689568
598,정자1호,경기,수원시,경기 수원시 장안구 정자동 41-2,37.2938046,127.0004455
599,정자2호,경기,수원시,"경기 수원시 장안구 천천동 502-6, 1층",37.3002264,126.9800254
600,조원1호,경기,수원시,경기 수원시 장안구 조원동 729-12,37.3018002,127.0150053
601,파장,경기,수원시,경기 수원시 장안구 송죽동 216-1,37.3060057,127.0024819
602,매교,경기,수원시,경기 수원시 팔달구 매교동 186-3,37.2670848,127.0167312
603,아주대,경기,수원시,경기 수원시 팔달구 우만동 85-3 우만동R타워,37.2757609,127.0420927
604,우만1호,경기,수원시,경기 수원시 팔달구 우만1동 466-4,37.290347,127.0300616
605,화서1호,경기,수원시,"경기 수원시 팔달구 화서동 703 꽃뫼양지마을(대우아파트) 상가 105, 106호",37.2853727,126.9851131
606,화서2호,경기,수원시,경기 수원시 팔달구 화서1동 135-2,37.2799641,126.9978426
607,거모,경기,시흥시,경기 시흥시 거모동 1757-1,37.3447599,126.785329
608,능곡,경기,시흥시,경기 시흥시 능곡동 545,37.3703169,126.8104776
609,배곧신도시1호,경기,시흥시,"경기 시흥시 정왕동 2475 에이플러스 115, 116호",37.3778739,126.726454
610,신천1호,경기,시흥시,경기 시흥시 신천동 707-50,37.4419889,126.7859966
611,은행1호,경기,시흥시,경기 시흥시 대야동 580-4,37.4457376,126.7988465
612,장곡,경기,시흥시,"경기 시흥시 장곡동 802-1, 금강프라자 1층 108호",37.3797744,126.780455
613,정왕1호,경기,시흥시,경기 시흥시 정왕동 1593-2,37.3445617,126.7435108
614,정왕2호,경기,시흥시,"경기 시흥시 정왕동 1875-2, 미주상가102",37.3596819,126.7288031
615,정왕3호,경기,시흥시,"경기 시흥시 정왕동 1726-1, 광개토빌딩 104호",37.3480535,126.733461
616,고잔1호,경기,안산시,"경기 안산시 단원구 고잔동 763-2, 104호",37.3120905,126.8409963
617,고잔2호,경기,안산시,경기 안산시 단원구 와동 685-6,37.3307545,126.8275412
618,선부1호,경기,안산시,경기 안산시 단원구 선부동 1064-5,37.3394696,126.8074303
619,원곡1호,경기,안산시,경기 안산시 단원구 원곡동 754-6,37.3320474,126.7942759
620,본오1호,경기,안산시,경기 안산시 상록구 본오동 879-10,37.2977861,126.8628706
621,부곡,경기,안산시,경기 안산시 상록구 부곡동 670-2,37.3316746,126.8624709
622,사동1호,경기,안산시,경기 안산시 상록구 사동 1201,37.3030299,126.8514682
623,사동2호,경기,안산시,경기 안산시 상록구 사동 1376-7,37.2867066,126.8466086
624,월피,경기,안산시,"경기 안산시 상록구 월피동 442-26, 1층",37.3300977,126.8509218
625,일동,경기,안산시,경기 안산시 상록구 일동 89-3,37.3122186,126.8677499
626,공도1호,경기,안성시,경기 안성시 공도읍 만정리 417-98,36.9989431,127.1687495
627,안성1호,경기,안성시,경기 안성시 연지동 94,37.0107555,127.270782
628,안성2호,경기,안성시,경기 안성시 인지동 397-1,37.0041498,127.2701545
629,진사리,경기,안성시,"경기 안성시 공도읍 진사리 348, 서지프라자 106호",36.9915228,127.1419381
630,관양,경기,안양시,경기 안양시 동안구 관양동 1437-20 1층,37.4051315,126.9695958
631,비산1호,경기,안양시,경기 안양시 동안구 비산동 566-7,37.3969846,126.9365808
632,평촌1호,경기,안양시,경기 안양시 동안구 평촌동 922-2,37.3833847,126.9607643
633,평촌3호,경기,안양시,"경기 안양시 동안구 관양동 1586, 한가람한양아파트 상가동 108호",37.3992493,126.9531148
634,호계1호,경기,안양시,경기 안양시 동안구 호계2동 927-2,37.3821417,126.9514015
635,석수1호,경기,안양시,경기 안양시 만안구 석수1동 177-6,37.4165122,126.9137199
636,안양1번가,경기,안양시,경기 안양시 만안구 안양동 674-241,37.3994205,126.9225842
637,안양1호,경기,안양시,경기 안양시 만안구 안양동 765-8,37.3945426,126.9129512
638,안양2호,경기,안양시,경기 안양시 만안구 안양 5동 448-22 진명빌딩 103호,37.3922817,126.9238788
639,고읍1호,경기,양주시,경기 양주시 광사동 657   103호,37.7939654,127.0794813
640,덕소1호,경기,남양주시,경기 남양주시 와부읍 덕소리 141-91,37.5879365,127.2168911
641,덕정1호,경기,양주시,경기 양주시 덕정동 240-27,37.8346743,127.0656153
642,도농1호,경기,남양주시,경기 남양주시 도농동 153-5,37.6054368,127.1570757
643,마석,경기,남양주시,경기 남양주시 화도읍 마석우리 384-8,37.6595193,127.3046529
644,백석,경기,양주시,경기 양주시 백석읍 복지리 168-3,37.7897875,126.9923307
645,별내1호,경기,남양주시,경기 남양주시 별내동 1078-3,37.6528136,127.1146683
646,별내2호,경기,남양주시,경기 남양주시 별내동 846-7,37.6653476,127.1172668
647,오남,경기,남양주시,경기 남양주시 오남읍 오남리 205-19,37.690931,127.2134622
648,진건,경기,남양주시,경기 남양주시 진건읍 사능리 353-4,37.6559926,127.1812431
649,진접장현리,경기,남양주시,경기 남양주시 진접읍 장현리 672-1,37.715383,127.1811013
650,진접지구,경기,남양주시,경기 남양주시 진접읍 금곡리 1041-1,37.7180969,127.2015392
651,창현,경기,남양주시,경기 남양주시 화도읍 창현리 462-3,37.6491048,127.3061098
652,퇴계원,경기,남양주시,경기 남양주시 퇴계원면 퇴계원리 290-14,37.6500393,127.1409005
653,평내,경기,남양주시,경기 남양주시 평내동 203-2,37.6494297,127.2369724
654,호평,경기,남양주시,경기 남양주시 호평동 650-1,37.6559199,127.247185
655,양평,경기,양평군,경기 양평군 양평읍 양근리 183-4,37.4903286,127.4964978
657,전곡,경기,연천군,경기 연천군 전곡읍 전곡리 302-11,38.0246395,127.0677436
658,세마1호,경기,오산시,경기 오산시 내삼미동 856-8,37.1754889,127.057448
659,운암2호,경기,오산시,"경기 오산시 오산동 919-3, 102호",37.1566197,127.078284
660,원동,경기,오산시,경기 오산시 오산동 881-7,37.1447029,127.0682883
662,구성1호,경기,용인시,경기 용인시 기흥구 마북동 370-9,37.2951356,127.1119002
663,동백1호,경기,용인시,경기 용인시 기흥구 동백동 614-5,37.2835524,127.1534911
664,흥덕,경기,용인시,경기 용인시 기흥구 영덕동 1007-6,37.2732372,127.0691063
665,상현1호,경기,용인시,경기 용인시 수지구 상현동 3-4,37.3141185,127.0884613
666,상현역,경기,용인시,경기 용인시 수지구 상현동 1160,37.2964116,127.0800139
667,성복,경기,용인시,경기 용인시 수지구 성복동 162-3,37.3154845,127.0753268
668,수지1지구,경기,용인시,경기 용인시 수지구 풍덕천동 29-10,37.3268194,127.0963649
669,수지2지구,경기,용인시,경기 용인시 수지구 풍덕천동 697,37.3231494,127.0920736
670,죽전,경기,용인시,경기 용인시 수지구 죽전동 1151 101호,37.3323076,127.111279
671,둔전,경기,용인시,경기 용인시 처인구 포곡읍 둔전리 400-2,37.2682356,127.214524
672,용인1호,경기,용인시,경기 용인시 처인구 김량장동 293-24,37.2350959,127.1954778
673,용인2호,경기,용인시,경기 용인시 처인구 마평동 657-14,37.2352892,127.2121086
674,내손갈뫼,경기,의왕시,경기 의왕시 내손1동 755-4 명성프라자,37.3791209,126.974433
675,오전고천,경기,의왕시,"경기 의왕시 오전동 276-1, 114호",37.3526858,126.9719654
676,인덕원,경기,의왕시,경기 의왕시 포일동 662,37.3959663,126.9847619
677,포일내손,경기,의왕시,경기 의왕시 내손동 652-21,37.3899258,126.9816871
678,금오,경기,의정부시,경기 의정부시 금오동 473-4,37.7513486,127.0695736
679,녹양,경기,의정부시,경기 의정부시 가능동 92-51,37.7585193,127.0407278
680,민락,경기,의정부시,경기 의정부시 민락동 834-3,37.7459789,127.0972698
681,신곡,경기,의정부시,경기 의정부시 신곡동 484,37.7402918,127.061237
682,신곡2호,경기,의정부시,경기 의정부시 신곡1동 707-2,37.7320543,127.0563559
683,용현1호,경기,의정부시,경기 의정부시 용현동 18-15,37.7352155,127.08778
684,장암,경기,의정부시,경기 의정부시 신곡1동 336,37.730184,127.0594262
685,호원1호,경기,의정부시,경기 의정부시 호원동 466-15,37.7056034,127.0484741
686,이천1호,경기,이천시,경기 이천시 창전동 458-17,37.2807456,127.4500571
687,이천하이닉스,경기,이천시,경기 이천시 부발읍 아미리 735,37.2533624,127.4892046
688,증포,경기,이천시,경기 이천시 증포동 153-5,37.2893029,127.4536197
689,가람마을,경기,파주시,경기 파주시 와동동 1557-1,37.7344573,126.7553332
690,교하신도시,경기,파주시,경기 파주시 다율동 1001-6,37.7267093,126.7168308
691,금촌1호,경기,파주시,경기 파주시 금촌동 790-10 1층,37.755506,126.7771998
692,금촌로데오,경기,파주시,경기 파주시 금촌동 986-2,37.7522185,126.766275
693,문산,경기,파주시,경기 파주시 문산읍 문산리 17-345 1층 5호,37.8546875,126.7863945
694,봉일천,경기,파주시,경기 파주시 조리읍 봉일천리 142-3,37.7430998,126.8081055
695,운정1호,경기,파주시,경기 파주시 동패동 1758,37.7120477,126.7444705
696,비전1호,경기,평택시,경기 평택시 비전동 272-7,36.9962221,127.104378
697,비전2호,경기,평택시,경기 평택시 비전1동 793-7,37.0000931,127.0945094
698,세교,경기,평택시,"경기 평택시 세교동 558 우성꿈그린@상가 105,106호",37.0022768,127.0804989
699,송탄1호,경기,평택시,경기 평택시 서정동 843-10,37.0658194,127.061211
700,송탄2호,경기,평택시,경기 평택시 지산동 995,37.08221,127.0598306
701,안중1호,경기,평택시,경기 평택시 안중읍 현화리 831,36.9789587,126.9190896
702,팽성1호,경기,평택시,경기 평택시 팽성읍 안정리 26-49,36.9624032,127.0509298
703,포승1호,경기,평택시,경기 평택시 도곡리 1142-16,36.9888125,126.846184
704,포천,경기,포천시,경기 포천시 신읍동 47-10,37.8973063,127.2004431
705,덕풍1호,경기,하남시,경기 하남시 덕풍동 309-64,37.5434705,127.202678
706,미사1호,경기,하남시,경기 하남시 망월동 1004-1,37.5694394,127.1830476
707,신장1호,경기,하남시,경기 하남시 신장동 447-28,37.5393262,127.2111711
708,신장2호,경기,하남시,경기 하남시 천현동 40-13,37.5350101,127.2234963
709,동탄1호,경기,화성시,경기 화성시 반송동 42-6,37.2075163,127.0650366
710,동탄2호,경기,화성시,경기 화성시 반송동 217-6,37.1931679,127.0734107
712,병점1호,경기,화성시,"경기 화성시 병점동 379-10 병점프라자 109호, 110호",37.2064825,127.0366533
713,병점2호,경기,화성시,경기 화성시 진안동 914-1,37.2146262,127.0419559
714,봉담1호,경기,화성시,경기 화성시 상리 26-8,37.2192757,126.9482973
715,와우리,경기,화성시,경기 화성시 기안동 338-4,37.2255938,126.9722562
716,강남,강원,강릉시,강원 강릉시 노암동 708-1,37.747998,128.897123
717,교동1호,강원,강릉시,강원 강릉시 교1동 1863-3,37.7650333,128.8783027
718,성덕,강원,강릉시,강원 강릉시 입암동 499-6번지,37.7557985,128.909708
719,주문진,강원,강릉시,강원 강릉시 주문진읍 교항리 119-11,37.8841113,128.8254647
720,포남,강원,강릉시,강원 강릉시 포남1동 1140-1,37.7624217,128.9063924
721,고성,강원,고성군,강원 고성군 간성읍 신안리 218,38.3791204,128.4694865
722,북삼,강원,동해시,강원 동해시 쇄운동 84-5,37.4866708,129.1026038
723,천곡,강원,동해시,강원 동해시 천곡동 1044-2,37.519679,129.1071497
724,삼척,강원,삼척시,강원 삼척시 남양동 17-2,37.4444399,129.1637055
725,교동,강원,속초시,강원 속초시 교동 974-2,38.1946199,128.5749499
726,동명,강원,속초시,강원 속초시 동명동 1-18,38.2125967,128.5997987
727,조양,강원,속초시,강원 속초시 조양동 1540 부영파아트 상가동 102호,38.1884221,128.585924
728,양구,강원,양구군,강원 양구군 양구읍 상리 227-105,38.1052835,127.9893384
729,양양,강원,양양군,강원 양양군 양양읍 남문리 125,38.0748321,128.6203985
731,개운,강원,원주시,강원 원주시 개운동 395-23,37.3412221,127.9592474
732,단계,강원,원주시,강원 원주시 단계동 837,37.3487497,127.9292542
733,단구,강원,원주시,강원 원주시 관설동 1701-4,37.3190927,127.9646408
734,명륜,강원,원주시,강원 원주시 명륜동 539,37.3316497,127.9465376
735,무실,강원,원주시,강원 원주시 무실동 1664-3,37.3330914,127.9233516
736,문막,강원,원주시,강원 원주시 문막읍 건등리 1705-3,37.3133958,127.8201096
737,우산,강원,원주시,강원 원주시 우산동 226-10,37.3680858,127.9357711
738,일산,강원,원주시,강원 원주시 원동 278-7,37.3436757,127.9441711
740,혁신,강원,원주시,강원 원주시 반곡동 1880-7,37.3249079,127.9799291
741,원통,강원,인제군,강원 인제군 북면 원통리 645-32,38.122595,128.2037546
742,사북고한,강원,정선군,강원 정선군 사북읍 사북리 344-56,37.2273544,128.8209264
743,교대,강원,춘천시,강원 춘천시 석사동 291-15,37.8561593,127.7487388
744,석사1호,강원,춘천시,강원 춘천시 석사동 748-18(33통405),37.8648869,127.7508884
745,신사우동,강원,춘천시,강원 춘천시 우두동 1052-29,37.900334,127.7283128
746,춘천시청,강원,춘천시,강원 춘천시 소양로 3가 181-9,37.8814679,127.7250339
747,퇴계2호,강원,춘천시,강원 춘천시 퇴계동 87,37.8506181,127.7364653
748,효자,강원,춘천시,강원 춘천시 효자1동 661-16,37.8729243,127.7334449
749,후평1호,강원,춘천시,강원 춘천시 후평동 836-1,37.8755714,127.7527899
750,후평사거리,강원,춘천시,강원 춘천시 후평1동 693-4,37.8815114,127.7460649
751,태백1호,강원,태백시,강원 태백시 상장동 87-36,37.1602343,128.9899134
752,홍천,강원,홍천군,강원 홍천군 홍천읍 신장대리 8-9,37.6908465,127.8875505
753,사창,강원,화천군,강원 화천군 사내면 사창리 457-12,38.0707852,127.5209636
754,화천,강원,화천군,강원 화천군 화천읍 하리 44-45,38.1043754,127.7053736
755,횡성,강원,횡성군,강원 횡성군 횡성읍 읍하리 107-48,37.4904882,127.9863529
756,단양,충북,단양군,충북 단양군 단양읍 도전리 523,36.9812235,128.3703609
757,보은,충북,보은군,충북 보은군 보은읍 삼산리 153-2,36.4864182,127.7176495
759,대소,충북,음성군,충북 음성군 대소면 태생리 539-170,36.9649744,127.4907265
760,음성,충북,음성군,충북 음성군 음성읍 읍내리 354-3,36.9335738,127.6936247
761,장호원감곡,충북,음성군,충북 음성군 감곡면 왕장리 523-8,37.1186732,127.6393269
762,명동,충북,제천시,충북 제천시 명동 198번지,37.1347829,128.2078956
763,신백,충북,제천시,충북 제천시 신백동 214-7,37.1297548,128.2281206
764,장락,충북,제천시,충북 제천시 장락동 877,37.1490879,128.2202017
765,청전,충북,제천시,충북 제천시 의림동 7-26,37.1430721,128.2113668
766,증평,충북,증평군,충북 증평군 증평읍 초중리 8-1,36.7801909,127.5764845
767,광혜원,충북,진천군,충북 진천군 광혜원면 광혜원리 503-7,36.9903035,127.4414061
768,진천,충북,진천군,충북 진천군 진천읍 읍내리 415-2,36.854402,127.4410112
771,용암1호,충북,청주시,충북 청주시 상당구 용암동 2163번지,36.6159147,127.5066934
773,분평,충북,청주시,충북 청주시 서원구 분평동 1234,36.6100323,127.4844254
775,복대1호,충북,청주시,충북 청주시 흥덕구 복대동 865-4,36.6330029,127.4527315
776,봉명1호,충북,청주시,충북 청주시 흥덕구 봉명동 2813,36.6505229,127.4542714
780,운천신봉,충북,청주시,충북 청주시 흥덕구 운천동 1366,36.6499764,127.4749599
781,하복대,충북,청주시,충북 청주시 흥덕구 복대동 2960,36.6342831,127.4297729
782,갱고개,충북,충주시,충북 충주시 갱고개로 41,36.9746579,127.9400513
783,봉방문화교현,충북,충주시,충북 충주시 교현동 624-6,36.9789589,127.9279503
784,성내용산,충북,충주시,충북 충주시 용산동 598,36.9636759,127.9395476
785,연수,충북,충주시,충북 충주시 연수동 1610,36.9847435,127.9397447
786,계룡대,충남,계룡시,충남 계룡시 엄사면 엄사리 253-2,36.2886312,127.237866
787,신관,충남,공주시,충남 공주시 신관동 24-25,36.4742179,127.1428547
788,옥룡,충남,공주시,충남 공주시 옥룡동 308-1,36.4561876,127.1331401
789,금산,충남,금산군,충남 금산군 금산읍 상리 47-10,36.1079871,127.489877
790,취암,충남,논산시,충남 논산시 내동 628,36.1872541,127.1022861
791,기지시,충남,당진시,충남 당진시 반촌리 861-20,36.9015627,126.6981207
792,복운,충남,당진시,충남 당진시 송악면 복운리 1642-11,36.9409366,126.7833629
793,신평,충남,당진시,충남 당진시 신평면 거산리 13-4번지 1층,36.8816558,126.7555657
794,읍내,충남,당진시,충남 당진시 읍내동 850,36.8941438,126.6373724
795,채운,충남,당진시,충남 당진시 읍내동 1541,36.9021119,126.6312405
796,합덕,충남,당진시,충남 당진시 합덕읍 운산리 266-2,36.808655,126.7733743
797,동대,충남,보령시,충남 보령시 동대동 1766,36.3469064,126.6040107
798,고창,전북,고창군,전북 고창군 고창읍 교촌리 506,35.4350854,126.7095539
799,경암조촌,전북,군산시,전북 군산시 경장동 510-19 1층,35.9705485,126.7295977
800,군산대,전북,군산시,전북 군산시 미룡동 364-5,35.9457346,126.6882692
801,나운1호,전북,군산시,전북 군산시 나운동 834-7,35.9657041,126.6992036
802,미장수송,전북,군산시,전북 군산시 수송동 836-8,35.9656723,126.7174564
803,소룡산북,전북,군산시,전북 군산시 소룡동 1545-5번지,35.9694114,126.6828082
804,지곡,전북,군산시,전북 군산시 지곡동 495-1,35.9584831,126.7045544
805,김제,전북,김제시,전북 김제시 신풍동 594-4번지,35.8020712,126.8990103
806,남원,전북,남원시,전북 남원시 도통동 387-12,35.4132,127.3915239
807,무주,전북,무주군,전북 무주군 무주읍 읍내리 962,36.0061612,127.6575708
808,무주구천,전북,무주군,전북 무주군 설천면 삼공리 364-4,35.9061242,127.7807777
809,부안,전북,부안군,전북 부안군 부안읍 봉덕리 826-1,35.725536,126.7404457
810,순창,전북,순창군,전북 순창군 순창읍 순화리 282-6,35.3732264,127.1394683
811,봉동,전북,완주군,전북 완주군 봉동읍 둔산리 907-5  101호,35.9584462,127.1244347
812,삼례우석대,전북,완주군,전북 완주군 삼례읍 후정리 13-8,35.9144607,127.0688365
813,동산,전북,익산시,전북 익산시 마동 344-5,35.9340308,126.961934
814,모현,전북,익산시,전북 익산시 모현동1가 857,35.9523188,126.9410588
815,부송,전북,익산시,전북 익산시 부송동 710-5,35.9596892,126.9881664
816,영등1호,전북,익산시,전북 익산시 영등동 766-1,35.9563084,126.9705858
817,영등2호,전북,익산시,전북 익산시 영등동 843-5,35.9599169,126.978337
818,원광대,전북,익산시,"전북 익산시 신동 764-4 시즈퍼스트 상가112호, 113호",35.961902,126.9590449
819,임실,전북,임실군,전북 임실군 임실읍 이도리 294,35.6110406,127.2874965
820,동산조촌,전북,전주시,전북 전주시 덕진구 반월동 230-6,35.8755606,127.0763361
821,솔내,전북,전주시,전북 전주시 덕진구 송천동1가 405-1,35.8571167,127.1186741
822,송천,전북,전주시,전북 전주시 덕진구 송천동2가 179-116,35.8667781,127.1310351
823,아중,전북,전주시,전북 전주시 덕진구 인후동1가 834-4,35.8336154,127.1611043
824,전북대,전북,전주시,전북 전주시 덕진구 덕진동1가 1314-201,35.8444251,127.1248985
825,하가덕진,전북,전주시,전북 전주시 덕진구 덕진동2가 670-1,35.8444966,127.1102305
826,호성,전북,전주시,전북 전주시 덕진구 인후동2가 1569-44,35.8488255,127.1518456
827,삼천1호,전북,전주시,전북 전주시 완산구 삼천동1가 621,35.7978408,127.1232618
828,서곡효자,전북,전주시,전북 전주시 완산구 효자동3가 1609-16,35.827322,127.1055933
829,서신,전북,전주시,전북 전주시 완산구 서신동 938-5,35.8356865,127.1103144
830,신시가지,전북,전주시,전북 전주시 완산구 효자동2가 1327-1,35.8108313,127.1062677
831,안행,전북,전주시,전북 전주시 완산구 효자동1가 202-1,35.8058111,127.1281989
832,중앙,전북,전주시,전북 전주시 완산구 고사동 470-3,35.8187061,127.1420616
833,중화산,전북,전주시,전북 전주시 완산구 중화산동 2가 616-12,35.8155037,127.1183972
834,평화1호,전북,전주시,전북 전주시 완산구 평화동2가 230-112,35.7887004,127.1349755
836,효자,전북,전주시,전북 전주시 완산구 효자동1가 652,35.8034874,127.1151225
837,상동,전북,정읍시,전북 정읍시 장명동 169-10,35.564924,126.8608172
838,수성,전북,정읍시,전북 정읍시 수성동 944-9,35.5801164,126.8533505
839,강진,전남,강진군,전남 강진군 강진읍 남성리 5-4,34.6384917,126.769203
840,읍내,전남,광양시,전남 광양시 광양읍 칠성리 947-3,34.9725757,127.5813738
841,중마1호,전남,광양시,전남 광양시 마동 1037-4,34.9548834,127.6919439
842,중마2호,전남,광양시,전남 광양시 중동 1654-3,34.9374115,127.6948661
843,나주,전남,나주시,전남 나주시 대호동 1040-7,35.0404474,126.7178663
844,빛가람1호,전남,나주시,전남 나주시 빛가람동 190-3,35.022028,126.7870822
845,담양,전남,담양군,전남 담양군 담양읍 백동리 247-7,35.3129898,126.9829685
846,삼학,전남,목포시,전남 목포시 산정동 1386-8,34.7902265,126.4023513
847,상동,전남,목포시,전남 목포시 상동 174-7,34.8111991,126.4170472
848,옥암,전남,목포시,전남 목포시 옥암동 1248-2,34.8099811,126.4464021
849,용해,전남,목포시,전남 목포시 용해동 769-5,34.8114954,126.3995641
850,원산,전남,목포시,전남 목포시 산정동 1693-3,34.8040697,126.3756538
851,하당,전남,목포시,전남 목포시 상동 1116-8번지,34.7970923,126.4277843
852,남악,전남,무안군,전남 무안군 삼향읍 남악리 1577 골든스위트 125호,34.8103898,126.4663921
853,무안읍,전남,무안군,전남 무안군 무안읍 성남리 813-45,34.9867792,126.4734254
854,보성,전남,보성군,전남 보성군 보성읍 보성리 831-19,34.7701789,127.0801842
855,금당1호,전남,순천시,전남 순천시 조례동 1612번지 1-4호,34.9531725,127.530146
856,남부,전남,순천시,전남 순천시 풍덕동 1265-5,34.9441877,127.4943393
857,순천대점,전남,순천시,전남 순천시 석현동 80-5,34.9690109,127.485779
858,신대,전남,순천시,전남 순천시 해룡면 신대리 2019-4,34.9291021,127.5513621
859,연향,전남,순천시,전남 순천시 연향동 1351-1,34.9500059,127.5169152
861,팔마,전남,순천시,전남 순천시 연향동 1681-3   1층,34.9344686,127.515687
862,국동,전남,여수시,전남 여수시 신월동 96-1,34.7246464,127.7096182
863,둔덕,전남,여수시,전남 여수시 둔덕동 434-7,34.7685974,127.694062
864,문수,전남,여수시,전남 여수시 문수동 124-1,34.7531735,127.7024994
865,신기,전남,여수시,전남 여수시 신기동 117-7,34.7582501,127.6714636
866,안산,전남,여수시,전남 여수시 안산동 470-2,34.7606871,127.6469199
867,여서,전남,여수시,전남 여수시 여서동 240-8,34.7517935,127.7056623
868,죽림무선,전남,여수시,전남 여수시 소라면 죽림리 1226-3,34.7625926,127.6395703
869,영광,전남,영광군,전남 영광군 영광읍 남천리 339-4,35.2741534,126.5047637
870,삼호,전남,영암군,전남 영암군 삼호읍 용앙리 481,34.7504195,126.4606813
871,완도,전남,완도군,전남 완도군 완도읍 군내리 1237-16 1층,34.3186657,126.7463947
872,장흥,전남,장흥군,전남 장흥군 장흥읍 건산리 736-10,34.6785489,126.9079958
873,해남,전남,해남군,전남 해남군 해남읍 읍내리 31-2,34.5709586,126.599242
874,화순,전남,화순군,전남 화순군 화순읍 일심리 755,35.0568311,126.9926091
875,경산,경북,경산시,경북 경산시 옥산동 758-10(1층),35.8248042,128.7280694
876,경산오거리,경북,경산시,경북 경산시 중방동 880-23,35.8235837,128.7381858
877,계양사동,경북,경산시,경북 경산시 사동 663-6,35.8125559,128.7593983
878,영대,경북,경산시,경북 경산시 압량면 신대리 497,35.8413791,128.7650214
879,진량,경북,경산시,경북 경산시 진량읍 봉회리 81-3,35.8845163,128.8225084
880,하양,경북,경산시,경북 경산시 하양읍 금락리 130-18,35.9083106,128.8124273
881,동천,경북,경주시,경북 경주시 동천동 791,35.8565356,129.2221887
882,안강,경북,경주시,경북 경주시 안강읍 산대리 2400-2,36.0015394,129.1965572
883,충효,경북,경주시,경북 경주시 충효동 3002-1,35.842259,129.1876584
884,황성,경북,경주시,경북 경주시 황성동 893-3,35.8656032,129.2093582
885,도량,경북,구미시,경북 구미시 도량동 262-1,36.1385569,128.3241731
886,봉곡,경북,구미시,경북 구미시 봉곡동 302-4,36.1494396,128.3118803
887,상모,경북,구미시,경북 구미시 상모동 42-7,36.0907092,128.3555159
888,선산,경북,구미시,경북 구미시 선산읍 동부리 416,36.2428228,128.3019153
889,송정,경북,구미시,경북 구미시 송정동 38-5 우방타운 206동2호,36.1211816,128.3482586
890,신평공단,경북,구미시,경북 구미시 신평동 129-2,36.1230575,128.3631781
891,옥계,경북,구미시,경북 구미시 옥계동 843-1,36.1368422,128.4200078
892,원평,경북,구미시,경북 구미시 원평동 84-5,36.1282303,128.3283763
893,원호,경북,구미시,경북 구미시 고아읍 원호리 442-2,36.1512827,128.3303254
894,인동,경북,구미시,경북 구미시 인의동 341-2,36.1103444,128.4257477
895,진평,경북,구미시,경북 구미시 진평동 29-5,36.0953108,128.4276164
896,형곡,경북,구미시,경북 구미시 형곡동 152-4,36.1122286,128.332122
897,김천,경북,김천시,경북 김천시 신음동 1301-4,36.1329005,128.1213608
898,김천혁신,경북,김천시,경북 김천시 율곡동 364,36.1214244,128.1821304
899,부곡,경북,김천시,경북 김천시 부곡동 426-1,36.1246463,128.1050002
900,점촌,경북,문경시,경북 문경시 모전동 866,36.5850923,128.1863528
901,상주,경북,상주시,경북 상주시 무양동 213-3,36.4220838,128.1586979
902,경북도청,경북,안동시,경북 안동시 풍천면 갈전리 1325,36.5765498,128.4991067
903,금곡,경북,안동시,경북 안동시 당북동 311-8,36.5643213,128.7204723
904,송현오거리,경북,안동시,경북 안동시 송현동 260-5,36.5721611,128.6990942
905,옥동,경북,안동시,경북 안동시 옥동 791-2,36.5628724,128.7022127
906,용상,경북,안동시,경북 안동시 용상동 1179-188,36.5564705,128.7552206
907,가흥,경북,영주시,경북 영주시 가흥동 1881,36.8124775,128.6060879
908,영주,경북,영주시,경북 영주시 휴천동 642-362,36.8144228,128.6207242
909,중앙,경북,영주시,경북 영주시 영주2동 536-15,36.8218253,128.6244422
910,풍기,경북,영주시,경북 영주시 풍기읍 성내리 60,36.8690437,128.526277
911,영천1호,경북,영천시,경북 영천시 망정동175-12,35.9756045,128.9494745
912,울진,경북,울진군,경북 울진군 울진읍 읍내리 576-1,36.9972585,129.4015276
913,청도,경북,청도군,경북 청도군 청도읍 고수리 503,35.6456509,128.7404884
914,북삼,경북,칠곡군,경북 칠곡군 북삼읍 인평리 246-3,36.0665014,128.3454883
915,석적,경북,칠곡군,경북 칠곡군 석적읍 중리 203-5,36.0773245,128.4140658
916,왜관,경북,칠곡군,경북 칠곡군 왜관읍 왜관리 237-19,35.9920186,128.3985622
918,남부,경북,포항시,경북 포항시 남구 대도동 124-13,36.0146411,129.3652209
919,대해중앙,경북,포항시,경북 포항시 남구 대도동 97-4,36.0208297,129.3633446
921,송도,경북,포항시,경북 포항시 남구 해도동 25-28,36.0286568,129.3704652
922,연일,경북,포항시,경북 포항시 남구 생지리 157-9,35.9974422,129.3480199
923,오천,경북,포항시,경북 포항시 남구 오천읍 원리 913-2,35.9684855,129.4030457
924,효곡,경북,포항시,경북 포항시 남구 효자동 579-2 풍림아이원상가 107호,36.0069222,129.3394841
925,양덕,경북,포항시,경북 포항시 북구 양덕동 1574,36.082885,129.4002134
926,양학대이,경북,포항시,경북 포항시 북구 득량동 2-1,36.0257419,129.3507773
927,용흥,경북,포항시,경북 포항시 북구 용흥동 373-23,36.0393059,129.3544983
928,우현,경북,포항시,경북 포항시 북구 우현동 100-7,36.0489343,129.3622569
929,장성,경북,포항시,경북 포항시 북구 장성동 1355-4,36.0640696,129.3800541
930,죽도,경북,포항시,경북 포항시 북구 대흥동 592-2,36.0360193,129.3627202
931,환호장량,경북,포항시,경북 포항시 북구 장성동 1378-3,36.0828859,129.3856878
932,흥해,경북,포항시,경북 포항시 북구 흥해읍 옥성리 238-5,36.1041511,129.3430141
933,고현상동,경남,거제시,경남 거제시 고현동 406-18,34.8798159,128.6277094
934,아주,경남,거제시,경남 거제시 아주동 1178-2,34.8650596,128.6876747
935,옥포,경남,거제시,경남 거제시 옥포동 160-1,34.8904784,128.6949883
936,장평,경남,거제시,경남 거제시 장평동 274,34.8905113,128.6082357
937,중곡수월,경남,거제시,경남 거제시 고현동 997,34.8942029,128.6291678
938,거창1호,경남,거창군,경남 거창군 거창읍 대동리 697-5,35.691053,127.9149428
939,고성,경남,고성군,경남 고성군 고성읍 동외리 345-7,34.9729753,128.3264045
940,구산,경남,김해시,경남 김해시 구산동 274-6,35.2486242,128.8706606
941,내동,경남,김해시,경남 김해시 내동 138-1,35.2440619,128.8632474
942,대청,경남,김해시,경남 김해시 대청동 61-1,35.1938512,128.7974082
943,부원봉황,경남,김해시,경남 김해시 부원동 603-2,35.228277,128.8815738
944,삼계1호,경남,김해시,경남 김해시 삼계동 1479-4,35.2618028,128.871293
945,삼방,경남,김해시,경남 김해시 삼방동 691-2 한일상가 108호,35.2501467,128.9114497
946,삼정,경남,김해시,경남 김해시 삼정동 590-1,35.2313218,128.8948004
947,어방,경남,김해시,경남 김해시 어방동 523-2,35.2449722,128.9048522
948,외동,경남,김해시,경남 김해시 외동 1187-12,35.2331429,128.8593333
949,율하,경남,김해시,경남 김해시 관동동 1064-6,35.1767402,128.806471
950,장유1호,경남,김해시,경남 김해시 내덕동 220-1 101호,35.2032259,128.8147004
951,지내안동,경남,김해시,경남 김해시 지내동 67-1,35.2286453,128.9238202
952,진영,경남,김해시,경남 김해시 진영읍 진영리 1629-2,35.3079636,128.7355869
953,남해,경남,남해군,경남 남해군 남해읍 서변리 160-11,34.836003,127.8946576
954,내일동,경남,밀양시,경남 밀양시 내이동 1566-6,35.4994066,128.7466524
955,삼문상남,경남,밀양시,경남 밀양시 삼문동 717-11,35.4829803,128.7496513
956,동금,경남,사천시,경남 사천시 동금동 58-4,34.9328728,128.081375
957,벌용,경남,사천시,경남 사천시 벌리동 255-9,34.9400829,128.0855792
958,사남,경남,사천시,경남 사천시 사남면 월성리 64-3,35.0625999,128.0754445
959,사천,경남,사천시,경남 사천시 사천읍 수석리 293-23,35.0793516,128.0861783
960,덕계,경남,양산시,경남 양산시 덕계동 750,35.3730107,129.1495278
961,물금,경남,양산시,경남 양산시 물금읍 범어리 2682-10,35.3301757,129.0115409
962,삼성,경남,양산시,경남 양산시 북정동 885-12,35.3590166,129.0431419
963,상북,경남,양산시,경남 양산시 상북면 석계리 242-1,35.4141645,129.0587934
964,서창1호,경남,양산시,경남 양산시 삼호동 707-2,35.4140227,129.1710537
965,석산,경남,양산시,경남 양산시 동면 금산리 1422-14,35.3127678,129.0250806
966,중앙,경남,양산시,경남 양산시 중부동 684-6,35.3397325,129.0278459
967,증산,경남,양산시,경남 양산시 물금읍 가촌리 1269-3,35.3189257,129.00002
968,통도사,경남,양산시,경남 양산시 하북면 순지리 814-5,35.4936817,129.084507
969,가호,경남,진주시,경남 진주시 가좌동 1431-2,35.1610464,128.1065193
970,금산,경남,진주시,경남 진주시 금산면 장사리 1022-1,35.217622,128.1483777
971,상대,경남,진주시,경남 진주시 상대동 238-3,35.1840551,128.1146869
972,상봉중앙,경남,진주시,경남 진주시 중안동 2-11,35.1949081,128.0808935
973,상평,경남,진주시,경남 진주시 상평동 198-43,35.1767334,128.1125519
974,신안평거,경남,진주시,경남 진주시 신안동 439-7,35.1839357,128.0685682
975,이현인사,경남,진주시,경남 진주시 인사동 145-5,35.1925542,128.0743031
976,칠암망경,경남,진주시,경남 진주시 칠암동 491-47,35.1779732,128.0936424
977,판문평거,경남,진주시,경남 진주시 평거동 733-1번지,35.1683359,128.053079
978,하대초전,경남,진주시,경남 진주시 하대동 306-38,35.1934069,128.1234081
979,혁신,경남,진주시,경남 진주시 충무공동 38-1 뽀빠이프라자 1층 113호,35.1783319,128.1399636
980,남지,경남,창녕군,경남 창녕군 남지읍 남지리 994-7,35.3918156,128.4807059
981,창녕,경남,창녕군,경남 창녕군 창녕읍 송현리 238-1,35.5428553,128.4995681
982,문화중앙,경남,창원시,경남 창원시 마산합포구 중앙동2가 5-42번지,35.1926065,128.5646565
983,월영,경남,창원시,경남 창원시 마산합포구 해운동 42-11,35.1798639,128.5630631
984,자산교방,경남,창원시,경남 창원시 마산합포구 자산동 301-19,35.2023026,128.5669197
985,진동,경남,창원시,경남 창원시 마산합포구 진동면 진동리 436,35.1167849,128.4853806
986,창동산호,경남,창원시,경남 창원시 마산합포구 산호동 338-35,35.2088132,128.5827436
987,내서삼계,경남,창원시,경남 창원시 마산회원구 삼계리 35-14,35.2310809,128.5016644
988,양덕,경남,창원시,경남 창원시 마산회원구 양덕2동 73-35,35.2308851,128.5804822
989,합성,경남,창원시,경남 창원시 마산회원구 합성2동 131-7,35.2429854,128.5875047
990,호계,경남,창원시,경남 창원시 마산회원구 내서읍 호계리 289-45,35.2549003,128.5212155
991,남양,경남,창원시,경남 창원시 성산구 가음동 7-2 더원빌딩 104호,35.2096143,128.6889631
992,대방,경남,창원시,경남 창원시 성산구 성주동 100,35.2038324,128.7116517
993,반송,경남,창원시,경남 창원시 성산구 반지동 55-18,35.2393356,128.6657219
994,사파,경남,창원시,경남 창원시 성산구 사파동 113-16,35.2220448,128.6955948
995,중앙,경남,창원시,경남 창원시 성산구 중앙동 100-1,35.2208955,128.6765451
996,감계,경남,창원시,경남 창원시 의창구 북면 감계리 246-4,35.3008574,128.5932046
997,도계명서,경남,창원시,경남 창원시 의창구 도계동 352-3 1층,35.2586381,128.637446
998,동읍,경남,창원시,경남 창원시 의창구 동읍 용잠리 371-2,35.2772885,128.6852151
999,봉곡사림,경남,창원시,경남 창원시 의창구 봉곡동 132-18,35.2475717,128.6701569
1000,용지호수,경남,창원시,경남 창원시 의창구 용호동 73-50,35.2289408,128.6801583
1001,중동소답,경남,창원시,경남 창원시 의창구 서상동 666-6,35.2604674,128.6257716
1002,팔용,경남,창원시,경남 창원시 의창구 팔용동 183-10,35.2598106,128.6141093
1003,석동덕산,경남,창원시,경남 창원시 진해구 석동 139-6,35.1521674,128.7049258
1004,웅동용원,경남,창원시,경남 창원시 진해구 용원동 1214-11,35.1001202,128.8126895
1005,중앙,경남,창원시,경남 창원시 진해구 여좌동 925-40,35.152883,128.6659147
1006,태평,경남,창원시,경남 창원시 진해구 수송동 12-11,35.1515403,128.6562851
1007,풍호,경남,창원시,경남 창원시 진해구 풍호동 305-17,35.1312569,128.7071943
1008,미수봉평,경남,통영시,경남 통영시 미수동 22-1번지 운하상가 115호,34.832053,128.4124832
1009,북신무전,경남,통영시,경남 통영시 북신동 693-7,34.8577065,128.4254499
1010,죽림,경남,통영시,경남 통영시 광도면 죽림리 1574-57 가동 103호,34.8799453,128.4212742
1011,함안,경남,함안군,경남 함안군 가야읍 말산리 58-16,35.2780892,128.4109848
1012,함양,경남,함양군,경남 함양군 함양읍 용평리 773-1,35.5181393,127.7264272
1013,합천,경남,합천군,경남 합천군 합천읍 합천리 320-3,35.5660017,128.1626721
1014,대정,제주,서귀포시,제주 서귀포시 대정읍 하모리 1048-4,33.2208608,126.2507218
1016,서귀포명동,제주,서귀포시,제주 서귀포시 서귀동 408-3,33.2475878,126.5649638
1017,서귀포혁신도시,제주,서귀포시,제주 서귀포시 강정동 166-10,33.25354,126.5068448
1018,월드컵경기장,제주,서귀포시,제주 서귀포시 법환동 914,33.2464676,126.5090072
1019,중문,제주,서귀포시,제주 서귀포시 중문동 1965-9,33.2516445,126.4276622
1020,건입,제주,제주시,제주 제주시 일도2동 160-9,33.5115355,126.538795
1021,노형,제주,제주시,제주 제주시 노형동 1055-1,33.4886441,126.4759497
1022,도두해안도로,제주,제주시,제주 제주시 도두1동 2625-4,33.5037503,126.4661908
1023,삼양화북,제주,제주시,제주 제주시 화북1동 1023-2,33.5145306,126.5760528
1024,아라이도,제주,제주시,제주 제주시 이도2동 1970-24,33.4939357,126.5415504
1025,애월하귀,제주,제주시,제주 제주시 애월읍 하귀1리 167,33.4825876,126.4164083
1026,용담삼도,제주,제주시,제주 제주시 용담2동 624-10 1층,33.5093755,126.5103915
1027,이도일도,제주,제주시,제주 제주시 이도이동 1179-18,33.4988202,126.530945
1028,제주1호,제주,제주시,제주 제주시  연동 272-30,33.4896501,126.4919438
1029,탑동,제주,제주시,제주 제주시 삼도이동 1192-22,33.5171877,126.5224372
1030,한림협재,제주,제주시,제주 제주시 한림읍 한림리 1582-8,33.4106265,126.2656613
